Id,Address,Sold Price,Summary,Type,Year built,Heating,Cooling,Parking,Lot,Bedrooms,Bathrooms,Full bathrooms,Total interior livable area,Total spaces,Garage spaces,Region,Elementary School,Elementary School Score,Elementary School Distance,Middle School,Middle School Score,Middle School Distance,High School,High School Score,High School Distance,Flooring,Heating features,Cooling features,Appliances included,Laundry features,Parking features,Tax assessed value,Annual tax amount,Listed On,Listed Price,Last Sold On,Last Sold Price,City,Zip,State
0,540 Pine Ln,3825000,"540 Pine Ln, Los Altos, CA 94022 is a single family home that contains 1 sq ft and was built in 1969. It contains 0 bedroom and 0 bathroom. This home last sold for $3,825,000 in January 2020. 
 
The Zestimate for this house is $4,111,840. The Rent Zestimate for this home is $8,669/mo.",SingleFamily,1969,"Heating - 2+ Zones, Central Forced Air - Gas","Multi-Zone, Central AC, Whole House / Attic Fan","Garage, Garage - Attached, Covered",1,"Ground Floor Bedroom, Master Bedroom on Ground Floor, Master Suite / Retreat, Walk-in Closet",0,,1,0,0,Los Altos,Santa Rita Elementary School,7,0.4,,,,Los Altos High School,8,1.3,"Tile, Hardwood, Carpet","Forced air, Gas",Central,"Dishwasher, Dryer, Garbage disposal, Microwave, Refrigerator, Washer","Washer / Dryer, Inside, In Utility Room","Garage, Garage - Attached, Covered",886486,12580,2019/10/24,4198000,,,Los Altos,94022,CA
1,1727 W 67th St,505000,"HURRY, HURRY.......Great house 3 bed and 2 baths, detached  2 car garage with plenty of parking in the back,  interior remodeled, brand new kitchen, flooring, paint, appliances, mini split wall A/C Heater unit, new water heater and new windows, etc....Please come see it to appreciate it.",SingleFamily,1926,Combination,"Wall/Window Unit(s), Evaporative Cooling, See Remarks","Detached Carport, Garage",4047,3,2,2,872,1,1,Los Angeles,Raymond Avenue Elementary School,3,0.8,John Muir Middle School,2,1.1,Augustus F. Hawkins High A Critical Design And Gaming,2,1.3,,Combination,"Wall/Window Unit(s), Evaporative Cooling, See Remarks",,Inside,"Detached Carport, Garage",505000,6253,2019/10/16,525000,2019/8/30,328000,Los Angeles,90047,CA
2,28093 Pine Ave,140000,"'THE PERFECT CABIN TO FLIP!  Strawberry delight in old Strawberry just about a 3-minute walk to the river (you can hear the river from the front deck)  is this wonderful 2 bedroom 1 full bathroom and 2 half bathrooms mountain getaway.  Built by the current owners in 1958 to last, a metal roof, large front deck, level lot, master bedroom on the main level of the cabin with the full bathroom and 1 half bathroom.  Open floor plan makes this a great cabin for enjoying family / friends while still in the kitchen or sitting by the airtight wood stove.  Outside on the deck is where you will spend most of the time in the warmer months, having meals and maybe a glass of wine or a cocktail (or 3?).  If you are a fisherman this is an ideal spot where you don't have to drive to catch dinner in the river.  At this almost unheard of price there are challenges including cleaning out the stuff left in the basement...  suggest you hurry and call your realtor to see this underpriced cabin soon, again it is by far the lowest priced cabin on the market. Home and pest at listing agents office.",SingleFamily,1958,Forced air,,0 spaces,9147,2,3,1,1152,0,0,Strawberry,,,,,,,Long Barn High School,,10.1,,Forced air,,,,,49627,468,2019/8/25,180000,,,Strawberry,95375,CA
3,10750 Braddock Dr,1775000,"Rare 2-story Gated 5 bedroom Modern Mediterranean conveniently located in Vet's Park close proximity to Farragut Elementary, Culver Middle and High schools.  Take advantage of this light and airy modern floor plan with 2 bedrooms downstairs and 3 bedrooms upstairs plus additional detached bonus room perfect for a gym or home office or ADU.  Home features include a private sun drenched backyard complete with a patio and water fountain, ring doorbell, central A/C, plantation shutters, alarm system, washer/dryer upstairs, electronic gate, detached garage/bonus room, breakfast bar with barstool seating, wood burning fireplace, upgraded electrical panel, newer kitchens and bathrooms & more.  A unique opportunity to own a 5 bedroom home in the heart of Veteran's Park close to downtown restaurants, shopping with easy access to the 405 and 10 freeways.  Live the Culver City Dream!",SingleFamily,1947,Central,Central Air,"Detached Carport, Driveway, Garage - Two Door",,5,3,3,2612,0,0,Culver City,Farragut Elementary School,9,0.2,Culver City Middle School,7,0.2,Culver City High School,8,0.2,"Wood, Tile",Central,Central Air,Dishwasher,"Stackable, Upper Level","Detached Carport, Driveway, Garage - Two Door",1775000,20787,2019/10/24,1895000,2016/8/30,1500000,Culver City,90230,CA
4,7415 O Donovan Rd,1175000,"Beautiful 200 acre ranch land with several pastures, lots of level land, fully fenced with amazing views and several home building sites. Near the Huerhuero Creek with a portion running through the property. Close to the town of Creston. Currently being farmed with hay crops, endless potential.",VacantLand,,,,0 spaces,,,,,,,,Creston,Santa Margarita Elementary School,6,8.5,Atascadero Middle School,5,10.2,Atascadero High School,6,10.6,,,,,,,,,2019/6/7,1595000,2016/6/27,900000,Creston,93432,CA
5,922 E Channel St,221000,"922 E Channel St, Stockton, CA 95202 is a single family home that contains 1,311 sq ft and was built in 1905. It contains 3 bedrooms and 2 bathrooms. This home last sold for $221,000 in January 2020. 
 
The Zestimate for this house is $260,194. The Rent Zestimate for this home is $1,600/mo.",SingleFamily,1905,Wall Furnace,Window Unit(s),Carport,3576,3,2,2,1311,0,0,Stockton,,,,,,,Stagg Senior High School,2,3.3,"Wood, Tile","None, Wall",,Range / Oven,Inside Area,Carport,208080,2531,2019/10/30,224900,2017/12/28,200000,Stockton,95202,CA
6,1926 Mellon Ave,1589000,"Two newly built modern farm houses in super hot Frogtown. Both homes are two stories with 3 bedrooms and 2.5 bathrooms. They both have an attached garage as well. The first floors offer open floor plans connecting the living room, kitchen, and outdoor spaces. Making the homes perfect for entertaining. Each comes with a master suite that features an ensuite master bath and a private balcony. Engineered oak wood floors throughout. The property is completely landscaped with grass plus pavers and is fenced in for privacy.  A short walk/drive to the LA River bike path, Dodger stadium, Silver Lake, and DTLA",Unknown,1926,Central,Central Air,"Driveway, Garage",,,,,,0,0,Los Angeles,Allesandro Elementary School,8,0.3,,,,,,,,Central,Central Air,"Dishwasher, Disposal, Refrigerator",,"Driveway, Garage",1589000,19220,2019/10/28,1599000,2018/3/14,500000,Los Angeles,90039,CA
7,9013 N Valley Rd,480000,"9013 N Valley Rd, Taylorsville, CA 95983 is a single family home that contains 2,519 sq ft and was built in 2005. It contains 3 bedrooms and 2 bathrooms. This home last sold for $480,000 in January 2020. 
 
The Zestimate for this house is $433,430. The Rent Zestimate for this home is $2,606/mo.",SingleFamily,2005,"Forced air, Propane / Butane, Solar",Other,"Carport, Garage - Attached, Covered",1771149.5999999999,3,2,2,2519,4,4,Taylorsville,Indian Valley Elementary School,4,6.3,,,,Greenville Junior/Senior High School,2,6.3,"Carpet, Hardwood, Linoleum / Vinyl","Forced air, Propane / Butane, Solar",Other,"Dishwasher, Dryer, Garbage disposal, Microwave, Range / Oven, Refrigerator, Washer",,"Carport, Garage - Attached, Covered",,,2019/10/18,499000,,,Taylorsville,95983,CA
8,225 26th Ave #2,1590000,"New Refinished Bathrooms! Come take a NEW look! 4 bedroom, 3 bath condominium,was built in 2001 using high quality materials and superior craftsmanship. It has a wonderful open floor plan, with hard-to-find four bedrooms on one level. Close proximity to The Presidio, Lands' End hiking trail, Baker & China beaches, Clement corridor shops & restaurants. In a three-unit building, this special condominium has modern comforts with a well-appointed kitchen, stainless steel appliances, in-unit side by side laundry. Fresh new custom paint throughout blend seamlessly with carefully crafted details such as inlaid hardwood floors & new carpet in all 4 bedrooms.This home also has a common shared garden, generous one car parking and storage area complete this great property. Located in San Francisco's sought-after Lake District.",Condo,2001,,,"Attached, Enclosed, Garage Door Opener, Interior Access, Independent, On Site",,4,3,3,1601,1,1,San Francisco,Alamo Elementary School,8,0.3,Presidio Middle School,8,0.3,Washington (George) High School,7,0.5,"Carpet, Wood",,,"Dishwasher, Disposal, Range Hood, Ice Maker",Laundry Closet,"Attached, Enclosed, Garage Door Opener, Interior Access, Independent, On Site",1087088,13793,2019/7/18,1650000,,,San Francisco,94121,CA
9,612 Valencia Rd,1275000,"Sprawling one level home on 1.5 acres with level and hillside land only minutes to the Aptos Village!  Located at the end of a private drive of only three parcels, you will find this dynamic home with dramatic open beamed ceiling in the living room which peak to skylights, massive deck and patio area for great parties.  The master suite with its access to the decks has open beamed ceilings, large walk in closet and large master bath.  The cozy family room with its used brick fireplace and open beams has a loft area, access to the decks, and a large laundry room.  The opposite end of the home has a bedroom, bath, and large bonus area with wet bar, family room and bedroom.  Flexibility of living arrangements is fabulous.  There is a shed and outbuilding.   The parking is amazing.  This is the perfect time to live in the country with all the extra parking, privacy, views, parks, ocean and enjoy the quick access to the amenities that Aptos Village has to offer!",SingleFamily,1973,"Gas, Heating - 2+ Zones, Wall Furnace, Central Forced Air, Common",None,"Garage, Garage - Attached",66211.2,0,2,2,2123,0,0,Aptos,Valencia Elementary School,6,0.6,,,,Aptos High School,7,1.5,"Tile, Carpet","Forced air, Gas",None,"Dryer, Range / Oven, Washer","Washer / Dryer, Inside, In Utility Room","Garage, Garage - Attached",167767,1909,2019/10/28,1050000,,,Aptos,95003,CA
10,391 Kohner Ct,1310000,"Striking home in one of the best neighborhoods of Santa Clara. This property has a spacious floor plan with 4 bedrooms, family, dining, and a bonus room. Situated on a large 7,572 square foot corner lot, and just 4 minutes to Santana Row and Westfield/Valley Fair mall. The home features brand new gorgeous flooring, new paint, A/C, and dual pane windows. The side yard has plenty of space to park a boat or RV and an above ground hot tub. This home is within walking distance to a couple amazing parks. Do not miss this wonderful Santa Clara family home!",SingleFamily,1953,Forced Air,Central AC,"Garage, Garage - Attached, Covered",7570,4,2,2,1579,2,2,Santa Clara,Westwood Elementary School,7,0.4,Buchser Middle School,5,0.9,Santa Clara High School,6,1.9,"Tile, Laminate","Forced air, Electric, Gas",Central,"Dishwasher, Dryer, Garbage disposal, Microwave, Range / Oven, Refrigerator, Washer",In Garage,"Garage, Garage - Attached, Covered",71347,904,2019/9/20,1428000,,,Santa Clara,95050,CA
11,1481 Alegria Loop,810000,"1481 Alegria Loop, San Jose, CA 95128 is a townhome home that contains 1,393 sq ft and was built in 2002. It contains 3 bedrooms and 2 bathrooms. This home last sold for $810,000 in January 2020. 
 
The Zestimate for this house is $870,742. The Rent Zestimate for this home is $3,300/mo.",Townhouse,2002,Central Forced Air,Central AC,"Garage, Garage - Attached, Covered",653,3,2,2,1393,2,2,San Jose,Sherman Oaks Elementary School,4,0.6,Monroe Middle School,4,1,Del Mar High School,5,0.2,,Forced air,Central,,Inside,"Garage, Garage - Attached, Covered",679900,9272,2019/9/5,849000,,,San Jose,95128,CA
12,2425 21st Ave,2100000,"An Heirloom Your Family will Cherish  This is a residence that provides ample space for everyone in even the largest family. It was designed for a large family and it affords comfort and privacy for all the occupants.  This home is an heirloom quality one-of-a-kind residence. The 1926 details are intact, including the fireplaces, the breakfast room, mahogany moldings, and delicately patterned walls. Located 1/2 a block from the L Taraval, 3 blocks from tech shuttle stops, and with easy access to the freeway south, this home is walking distance to one of San Francisco's best high schools, a public library, Stern Grove and several other parks. It is a place to settle in and live the good life for many years to come!",SingleFamily,1926,,,"Attached, Garage Door Opener, Interior Access, On Site (Single Family Only)",3998,6,3,3,3351,2,2,San Francisco,Feinstein (Dianne) Elementary School,8,0.3,Hoover (Herbert) Middle School,7,0.5,Lincoln (Abraham) High School,7,0.4,,,,"Dishwasher, Disposal, Range Hood","Laundry Closet, In Garage","Attached, Garage Door Opener, Interior Access, On Site (Single Family Only)",2080800,25099,2019/10/4,2250000,2018/4/20,2000000,San Francisco,94116,CA
13,5947 S Van Ness Ave,565000,"Completely Remodeled from front to back. Three Bedrooms with two bathrooms move in ready home in one of the highly sought after section of Los Angeles and very close to the new Ram and Charger stadium. This home comes with an open floor plan with plenty of space , comes with New Recess Lighting throughout, New Laminate flooring throughout . New Tankless Water Heater, New Electrical Panel Box upgraded to 220 volts, New Central Heating,  New Plumbing , all New electrical outlets, New Kitchen comes with New Appliances, Microwave, Dishwasher New Stainless Steel center island, even a refrigerator. All New Vanities, New fixtures, New Gate , washer and dryer inside hook ups, all New Ceiling Fans throughout. All New outside landscaping for water conservation. Fireplace for maybe some romantics evenings or just enjoying the Christmas Tree by the fire. This home house to much to mention, you need to come see it for yourselves. Come make this your new Home. Also ask about a carport or garage installation.",SingleFamily,1923,Wall Furnace,Evaporative Cooling,Driveway,4800,3,2,2,1292,0,0,Los Angeles,Fifty-Ninth Street Elementary School,2,0.1,Audubon Middle School,2,1.6,,,,"Laminate, Tile",Wall Furnace,Evaporative Cooling,"Dishwasher, Disposal, Microwave",Laundry Room,Driveway,464100,5734,2019/11/6,565000,2019/2/26,455000,Los Angeles,90047,CA
14,15994 3rd St,185000,"15994 3rd St, Snelling, CA 95369 is a single family home that contains 1,272 sq ft and was built in 1947. It contains 2 bedrooms and 2 bathrooms. This home last sold for $185,000 in January 2020. 
 
The Zestimate for this house is $230,302. The Rent Zestimate for this home is $1,375/mo.",SingleFamily,1947,"Propane, Electric, Wall Furnace, Wood Stove","Window Unit(s), Ceiling Fan(s)","Garage - Attached, Garage - Detached",7662,2,2,2,1272,0,0,Snelling,Snelling-Merced Falls Elementary School,4,0.3,,,,Buhach Colony High School,5,13.8,"Laminate, Linoleum/Vinyl","Stove, Wall, Electric, Propane / Butane",,"Dishwasher, Garbage disposal, Range / Oven",Inside Area,"Garage - Attached, Garage - Detached",148571,1586,2019/11/27,187500,2002/5/13,110000,Snelling,95369,CA
15,855 Folsom St APT 903,1155500,"Stunning Yerba Buena Loft PENTHOUSE!  Awarded 2/2 with soaring ceilings, flexible layout, skylight, balcony and a great location with amazing VIEWS!    HIGH-END FINISHES: Beautiful natural concrete, refinished wood floors, sliding custom glass doors, designer paint throughout, custom window coverings, designer lighting, stair treads & a ceiling fan.  Kitchen is upgraded with re-done cabinet surfaces, newer updated stove/oven, dishwasher, refrigerator, washer/ dryer, granite counter tops and modern stainless steel appliances.   AMENITIES: Doorman building, concierge room, 24 Hour Security, Engineers, On-site professional management!  Deeded Parking and Separate Storage.  FEATURED IN:  The Phaidon Atlas of Contemporary World Architecture, SF Best of the Best (Global Architecture) Houses, NY Times, Architectural Record, Praxis, Dwell, & American Institute of Architects.   Loft delivered empty -Pictures Virtual Staging Photoshopped!",Condo,2001,,,"Side By Side, Side by Side, On Site - Mapped (Condo Only)",,2,2,2,,1,1,San Francisco,,,,,,,Five Keys Independence High School (Sf Sheriff's),2,0.2,,,,,,"Side By Side, Side by Side, On Site - Mapped (Condo Only)",1259700,15970,2019/11/21,1154500,2018/7/13,1235000,San Francisco,94107,CA
16,509 Belmont Ave,1750000,sold before processing.,Unknown,2018,Central,Central Air,Garage,,,,,3900,4,1,Los Angeles,,,,,,,Belmont Senior High School,3,0.6,,Central,Central Air,"Dryer, Washer","Laundry Room, Inside",Garage,1004661,12448,2018/10/8,1800000,2015/6/3,497000,Los Angeles,90026,CA
17,704 San Conrado Ter UNIT 1,900000,"Good location near offices in Sunnyvale and Santa Clara - Easy access to 101, 237, 85, and Central Expressway.
Close to VTA Lightrail, Caltrain, bus lines on Fair Oaks Ave.

2 large bed rooms with lots of closet space.
2 bath rooms.
Living areas are prefurnished.

In-unit laundry room with new washer and dryer.
Patio with additional storage space.
Brand new refrigerator, washing machine, oven, and microwave oven in kitchen.

2 car tandem garage + 2 visitor parking passes.
Central heating and air conditioner.

Water and Garbage Paid
Community Pool

Schools : Sunnyvale School Dist, Fremont Union High Dist.

Non-smoking.
Proof of income required.

Available to rent right away.

Electricity and Gas is not included.

Full months deposit required.",Apartment,1986,Forced air,Other,"Garage, Garage - Detached, Covered",,2,2,,1078,2,2,Sunnyvale,Bishop Elementary School,4,0.8,Columbia Middle School,3,0.3,Fremont High School,7,2.7,"Carpet, Laminate, Linoleum / Vinyl",Forced air,Other,"Dishwasher, Dryer, Freezer, Garbage disposal, Microwave, Range / Oven, Refrigerator, Washer",In Unit,"Garage, Garage - Detached, Covered",253149,3125,2019/11/12,888000,,,Sunnyvale,94085,CA
18,708 Tulane Ct,2290000,"708 Tulane Ct, San Mateo, CA 94402 is a single family home that contains 2,100 sq ft and was built in 1939. It contains 3 bedrooms and 2 bathrooms. This home last sold for $2,290,000 in January 2020. 
 
The Zestimate for this house is $2,400,042. The Rent Zestimate for this home is $5,700/mo.",SingleFamily,1939,Central Forced Air - Gas,Central AC,"Garage, Garage - Attached",6952,3,2,2,2100,0,0,San Mateo,Baywood Elementary School,6,0.4,Borel Middle School,6,1,Aragon High School,8,0.5,"Hardwood, Marble","Forced air, Gas",Central,Refrigerator,"Gas Hookup, Inside","Garage, Garage - Attached",1836000,21521,2019/6/14,2390000,2017/9/22,1800000,San Mateo,94402,CA
19,1490 W 153rd St,415000,"EXCELLENT OPPORTUNITY TO INVEST Ready to move in, 2 bedroom 1 bath home!  This home has been recently remodeled with upgraded kitchen, upgraded bathroom, newer roof, fresh paint, new laminated floors, and so much more. Park 2 cars inside.  There is a rear unit 2 bedroom 1 bath well laid out with plenty of space.",SingleFamily,1949,Central,None,"Gated, Parking Space",2621,2,1,1,634,0,0,Compton,Laurel Street Elementary School,7,0.2,,,,Compton High School,3,1.3,Laminate,Central,None,,"Laundry Room, Inside","Gated, Parking Space",167774,3416,2019/9/7,430000,2013/12/9,180000,Compton,90220,CA
20,114 Racquet Club Dr,335000,"Come take a look at your new home, located conveniently near shopping centers and Compton High School. This charming home offers 3 bedrooms, 3 bathrooms, and over 1,600 sqft. As soon as you enter, you'll find the kitchen which offers plenty of cabinet space, counter space, and a big window for natural lighting. Following through the dining room, you're greeted with a cozy living room that comes with a fireplace. Not to mention, the downstairs has a laundry room and a powder room, perfect for visitors to use. As you make your way up the carpeted stairs, you'll find the master suite along with a balcony that oversees a variety of green trees. Although there are some minor repairs to be made, this diamond in the ruff is looking for its new owner. Come and see it for yourself!",Condo,1988,Central,Central Air,"Driveway, Concrete, Garage, Garage Faces Front",,3,3,2,1612,2,2,Compton,Dickison Elementary School,4,0.8,,,,Compton High School,3,0.3,"Carpet, Laminate, Tile",Central,Central Air,"Dishwasher, Disposal, Gas Cooktop, Range Hood","Laundry Room, Inside","Driveway, Concrete, Garage, Garage Faces Front",348000,7418,2019/11/6,320000,,,Compton,90220,CA
21,1779 10th Ave,1380000,"Charming Light-Filled Inner Sunset/Golden Gate Heights Home.  Upper level features 2 bedrooms (split level master bedroom with bedroom/office) and access to terraced yard.  Combined living room / dining room with coved ceilings, wood burning fireplace and refinished hardwood flooring throughout.  Large all electric, eat-in-kitchen with laminate flooring.  Split bathroom off hallway.  Lower level features large welcoming formal entry, and two bonus rooms with 3/4 bath.  Washer and dryer, storage area and one car garage parking with access to the terraced yard.  Close to Irving Street and 9th Ave restaurants and shopping, Golden Gate Heights Park, UCSF Medical, Golden Gate Park and public transportation.",SingleFamily,1922,Gas,,"Independent, On Site (Single Family Only), Driveway",3000,2,1,1,1293,1,1,San Francisco,Yu (Alice Fong) Elementary School,8,0.3,,,,Independence High School,3,0.5,"Carpet, Vinyl, Wood",Gas,,"Dishwasher, Gas Water Heater",,"Independent, On Site (Single Family Only), Driveway",1380000,17314,2019/11/16,1288000,,,San Francisco,94122,CA
22,6555 State Highway 36,360000,"Charming, adorable, two story country home on approx. one acre. This home has just had a complete makeover with new floors, windows, all new kitchen with new appliances, new paint throughout, new bathroom vanities, fixtures, new wiring.. Woodburning stove in Kitchen. Back room can be used as a bedroom or family room. Large laundry room with storage. This 3+ bed. 2 bath home sits on 3/4 of flat usable land.. Three out buildings for storage, lots of fruit trees, large garden area. Close to Cuddeback school.",SingleFamily,1920,"Woodstove, Wall",,Garage - Detached,43560,3,2,,1644,0,0,Carlotta,Cuddeback Elementary School,6,0.3,,,,East High (Continuation) School,2,7.7,"Carpeted, Vinyl, Laminate",Gas,,Range / Oven,"220, Dryer Hookup, Washer Hookup",Garage - Detached,202221,2093,2019/9/9,386000,,,Carlotta,95528,CA
23,2072 Brittan Ave,1600000,"Welcome to this nice and bright ranch stye home. Within walking distance to popular Laurel Street. The top rated schools a few blocks away-Brittan Acres Elementary-Central Middle School- Arroyo 4th,5th grade to name a few. The home has three perfectly laid out bedrooms as well as a bonus office! The kitchen is nicely and freshly updated and the private backyard is a dreamy grass filled get away. Crown molding throughout and stacked stone fireplace. Enjoy Burton Park and Music in the park in the summers. Farmers markets and annual wine fair. Perfectly situated between San Fransisco and the Silicon Valley. Close proximity to all major highways and the Cal Train.",SingleFamily,1952,Central Forced Air - Gas,Central AC,"Garage, Garage - Attached",5000,3,2,2,1350,0,0,San Carlos,Brittan Acres Elementary School,9,0.2,Central Middle School,9,0.4,Sequoia High School,6,1.7,"Tile, Hardwood","Forced air, Gas",Central,"Garbage disposal, Range / Oven",In Garage,"Garage, Garage - Attached",442672,6434,2019/11/7,1499000,1994/7/22,294000,San Carlos,94070,CA
24,1741 1/2 S Spaulding Ave,1200000,"Completely Remodeled 3 bedroom + 2 bath house PLUS completely permitted ADU (Assessors Dwelling Unit)~ 1 bed + 1 bath. House is completely remodeled. Total permitted square footage is 1487, House is 1127 square feet and ADU is 360 square feet. New bathrooms, new flooring, new windows, new kitchen, new appliances, AC and Heat, Master Suite with good closet space. Completely New Built Permitted ADU with kitchen, washer and dryer hook ups, and bathroom. Great space to work or rent. New Landscaping and new sprinkler system. Wonderful area close to many shops and restaurants. Great investment.",SingleFamily,1938,Central,Central Air,Driveway,4808,3,2,2,1487,0,0,Los Angeles,Saturn Street Elementary School,4,0.5,,,,Fairfax Senior High School,7,1.9,Laminate,Central,Central Air,"Dishwasher, Refrigerator, Built-In",Laundry Closet,Driveway,,,2019/11/4,1249000,,,Los Angeles,90019,CA
25,1789 Nelson Way,945000,"Great starter home in the highly desirable Cambrian area with award winning schools! Bring your decorating ideas and make this gem of a home your own. Kitchen has stainless appliances including gas stove and tile counters. Other features include double pane windows, copper pipes and hardwood flooring. Relax in your large backyard with established fruit trees including apricot, peach, apple, pear and lemon. Short stroll to Butcher Dog Park and a great location close to all amenities and easy commuter access. Nice tree lined street with great vibes!",SingleFamily,1956,Central Forced Air,None,"Garage, Garage - Attached, Covered",6943,3,2,2,1105,2,2,San Jose,,,,Price Charter Middle School,7,1.1,Branham High School,8,1,"Hardwood, Vinyl / Linoleum",Forced air,None,"Dishwasher, Garbage disposal, Microwave, Range / Oven, Refrigerator",In Garage,"Garage, Garage - Attached, Covered",574244,8230,2019/11/18,938000,2011/7/21,500000,San Jose,95124,CA
26,1777 Cape Coral Dr,1350000,"Very fancy house and quiet neighborhood.

Living room, dining room, master room, patio with basic furniture. TV, refrigerator and wash/dryer included. Owner pays for garbage and sewer, tenant pays for PG&E, water, internet. 6 month lease or longer.",SingleFamily,1977,"Forced air, Gas","Refrigerator, Central","Garage, Garage - Detached, Off-street, Covered",6429,5,3,3,1910,2,2,San Jose,Vinci Park Elementary School,8,0.5,Piedmont Middle School,5,1.9,Independence High School,6,0.7,"Tile, Laminate","Forced air, Gas","Refrigerator, Central","Dishwasher, Garbage disposal, Range / Oven, Refrigerator",In Unit,"Garage, Garage - Detached, Off-street, Covered",974854,13610,2019/10/24,1098000,,,San Jose,95133,CA
27,2212 Leland Ave,1888888,New Modern Masterpiece tucked away in a prime Mountain View location with 4 bedrooms and 3 baths.,SingleFamily,2019,Central Forced Air,Central AC,"Garage, Garage - Attached, Covered",4476,"Master Bedroom on Ground Floor, Walk-in Closet",3,3,1797,1,1,Mountain View,Monta Loma Elementary School,6,0.3,Isaac Newton Graham Middle School,6,1.6,Los Altos High School,8,1.3,"Tile, Marble, Laminate, Carpet, Stone","Forced air, Gas",Central,"Dishwasher, Microwave, Range / Oven, Refrigerator",Electricity Hookup (110V),"Garage, Garage - Attached, Covered",1120713,13725,2019/10/17,1998000,,,Mountain View,94040,CA
28,1041 N Hillcrest Rd,11200000,"Welcome to Trousdale Estates, Beverly Hills most prestigious and sought after neighborhood, where the world's style masters choose to call home. Minutes from the Beverly Hills Hotel, Rodeo Drive, and world class dining & entertainment. Designed by leading Los Angeles architect Vigen Pezeshkian and finished with all of the best materials including onyx and rare stones throughout. A stunning open floor plan with striking city to ocean views throughout allows for a perfect balance of seamless indoor outdoor living giving you that quintessential SoCal lifestyle that most people only dream of. Every room has been masterfully designed with striking modern lines, top of the line finishes and all of the latest and greatest amenities. Entertain guests in style on your private back yard patio deck complete with an outdoor bbq, pool, spa and lounge area. This modern architectural masterpiece is a rare opportunity to own one of the most chic and sophisticated state of the art homes in the world.",SingleFamily,2018,Central,Central Air,"Driveway, Garage",,5,6,5,6167,0,0,Beverly Hills,Hawthorne Elementary School,8,1.2,,,,Beverly Hills High School,9,2.4,"Wood, Stone, Tile",Central,Central Air,Disposal,Laundry Room,"Driveway, Garage",3762702,45281,2019/4/12,13900000,,,Beverly Hills,90210,CA
29,318 Riverview Ave,975000,"Capitola Village beach house. Just off the Esplanade, Beach & Surf. Turn-key vacation rental with a bunch of 5 star reviews on VRBO, Fully furnished. Beautiful kitchen with an inlayed surfboard countertop. Two beds & baths with a cute back patio. Buy this gem and get your beach house!",SingleFamily,1970,Other,Ceiling Fan,"Carport, Garage - Attached",696,2,2,2,1127,0,0,Capitola,Main Street Elementary School,7,1.2,New Brighton Middle School,6,0.4,Harbor High School,7,2.7,"Tile, Carpet, Hardwood",,,"Dryer, Garbage disposal, Microwave, Range / Oven, Refrigerator, Washer",,"Carport, Garage - Attached",923100,11150,2017/7/28,925000,2017/9/11,882500,Capitola,95010,CA
30,9911 Holmes Ave,430000,"This lovely one owner home has 3 bedrooms, 1.25 baths features a walk-in bathtub, eat-in kitchen, in-home laundry, large enclosed patio, and a two-year old roof.  In addition, it sit on a 6,648 square foot lot that is perfect for family gatherings where the family is able to picnic in their own backyard.  The prior owners took great pride in ownership as shown by the well maintained yard.  This property is a must see and won't last long as it is awaiting a new family to create memorable moments.",SingleFamily,1957,,Wall/Window Unit(s),Garage - Attached,6648,3,2,1,1220,1,1,Los Angeles,Griffin Avenue Elementary School,4,7.8,Edwin Markham Middle School,3,0.4,,,,,,Wall/Window Unit(s),,"Gas & Electric Dryer Hookup, Inside",Garage - Attached,215535,3069,2019/11/22,410000,,,Los Angeles,90002,CA
31,5012 Gelia Way,910000,"This 4 bed 2.5 bath Mediterranean Style home was built in 2003 the sq ft is 1,723. The home is modern and perfectly placed adjacent to the Almaden Walmart and ?§ƒ? mile from the Hwy 85 & Almaden Expressway junctions. Agents can access for viewing any time. Offers will be presented to Owner as received. Motivated Seller, quick sale is ideal.",SingleFamily,2003,Forced Air,Central AC,"Garage, Garage - Attached, Covered",3027,4,2,2,1723,2,2,San Jose,Almaden Elementary School,4,0.4,John Muir Middle School,5,0.3,Pioneer High School,7,0.5,,Forced air,Central,,,"Garage, Garage - Attached, Covered",1000000,12957,2019/10/1,1115000,,,San Jose,95118,CA
32,20143 Beatty Ridge Rd,1200000,"Rare single level mountain home! Located in the highly-desirable community of Las Cumbres. This 4BR / 2.5 BA / 2455 sq ft home has been lovingly care for. Newer roof, newer hot water heater, newer furnace and AC, double paned windows, solar system are just a few of the upgrades. Kitchen was remodeled with gorgeous green granite counters and rich red birch cabinets. Master BR has a private bonus room plus walk-in closet. Master BA was remodeled in 2016 with luxurious shower.  Unique sun room features great passive solar.  Dining room has impressive built-in buffet w plenty of storage. Spacious 2-car garage! Enormous attic with pull-down ladder. Long-range view to the west for sunset vistas. Large fenced garden w raised garden beds. Fenced-in dog run. Las Cumbres is known for its hospitality, pot lucks, soup groups and neighborliness. Community features include swimming pool, tennis courts, bocce ball court, community center and 1,000 acres of hiking trails. Los Gatos schools.",SingleFamily,1977,"Central Forced Air, Stove - Wood",Central AC,"Garage, Garage - Attached",34848,"Ground Floor Bedroom, Master Bedroom on Ground Floor, More than One Bedroom on Ground Floor",3,2,2455,0,0,Los Gatos,Lakeside Elementary School,8,3.4,,,,Los Gatos High School,10,6.2,"Tile, Hardwood, Carpet",Forced air,Central,"Dishwasher, Dryer, Range / Oven, Refrigerator, Washer","Washer / Dryer, In Utility Room","Garage, Garage - Attached",224337,4713,2019/11/20,1200000,,,Los Gatos,95033,CA
33,4226 Tivoli Ave,1745000,"Completely renovated, grand two story home with abundant natural light and an open floor plan in a premiere Westside location combining traditional charm with contemporary design finishes. A permitted second floor addition adds two spacious master bedrooms upstairs with vaulted ceilings and two generously-sized bedrooms on the first floor. Recent additions include stainless steel appliances, Cambria quartz countertops, a farmhouse sink, and a solid walnut bar in the eat-in kitchen. Oak hardwood floors have been revived throughout. There are two working fireplaces, including one in the master suite. The living spaces flank the dining room and flow out onto your private patio with brand new landscaping and large detached garage. There is a dedicated laundry room with tons of storage, counter space, and a sink. This desirable location has you in the heart of all that is the Westside with beaches, restaurants, and shopping.  You are close to Venice, Culver, Marina Del Rey and so much more.",SingleFamily,1941,,None,"Driveway, Garage - Two Door",,4,2,2,2783,0,0,Los Angeles,Short Avenue Elementary School,6,0.3,Marina Del Rey Middle School,2,1,Venice Senior High School,6,0.6,Wood,,None,,Laundry Room,"Driveway, Garage - Two Door",351909,4443,2019/10/2,1995000,2008/12/9,4200,Los Angeles,90066,CA
34,4189 Jackson Ave,1605000,"Spanish style home and guest house on a 50' X 135' lot zoned R-2. Home features separate dining room, hardwood floors, & an abundance of windows filling the home with natural light. Remodeled bathroom and separate laundry room. Behind the house is a 470 sq ft detached Spanish ""casita"" consisting of two rooms and a 3/4 bath and features tile floors with radiant heat and high end finishes, plus a beautiful overhanging porch. Permitted casita was built in 2007.  Square footage listed is both units combined (approx); buyer to verify. Beautiful grounds with various gathering areas, secret gardens, & 6 different fruit trees. Wisteria covered deck with built-in seating provides a calm spot to relax with a hot cup of coffee or iced drink. The two car detached garage has been partially rebuilt and there is a handy storage shed behind the garage. Jackson Avenue is a quiet street and close to everything that is happening in downtown Culver City, the Culver Studios, Sony, & Expo Station",SingleFamily,1928,Floor Furnace,None,"Detached Carport, Garage - Two Door",,2,1,1,1520,0,0,Culver City,Linwood E. Howe Elementary School,6,0.5,Culver City Middle School,7,0.6,Culver City High School,8,0.7,"Wood, Tile",Floor Furnace,None,Dishwasher,Inside,"Detached Carport, Garage - Two Door",488446,6765,2019/8/27,1785000,,,Culver City,90232,CA
35,4181 Sutro Ave,640750,"This Leimert Park 3 bedroom 2 bath home is waiting for you to give it some TLC. The house has a lot of potentials, and the area is booming with upgrade and redevelopment throughout the community this area features, Spanish Colonial Revivals of homes and treelined streets with a central commercial area with a park that has remained central to the community. There is a lot of culture in Leimert Park and room to grow along with the future plans throughout the Crenshaw district area of Los Angeles. Bring your fussy buyers approved by a direct lender, POF and looking for a cultural experience. Offers to be submitted subject to inspection.",SingleFamily,1936,Forced Air,,Garage - Two Door,,3,2,2,1440,0,0,Los Angeles,Forty-Second Street Elementary School,2,0.1,Audubon Middle School,2,0.4,,,,,Forced Air,,,In Kitchen,Garage - Two Door,176963,2328,2019/10/23,685000,,,Los Angeles,90008,CA
36,1342 N Sierra Bonita Ave APT 204,895000,"No walls attached to neighbors. Front door entry to level 3 guest unit and a front door entry to level 2 main unit. Shows like a model. Amazing option for live-in Mother In-Law or Separate Guest Quarters as floor plan has two master suites, each with an office station, dining area and large walk-in closets, each on its own level, two HVAC systems and great privacy. Built-in SONOS surround sound system on level 1 and 2. 3 INCH custom soundproofing on level 2 & 3 for loud music. One of the HVAC systems is brand new. Lots of sunlight. NEST security cameras. Dance/fitness area with speakers in living area. Private infrared sauna & meditation area with heated porcelain tile flooring. WOLF stove, see-through Sub-Zero glass fridge, Thermador built-in espresso machine, quartz counters..",Condo,1991,"Fireplace(s), Forced Air","Central Air, Dual","Assigned, Controlled Entrance, Garage, Gated, Guest, Side By Side, Underground",,2,3,2,1600,2,2,West Hollywood,Gardner Street Elementary School,7,0.3,Hubert Howe Bancroft Middle School,3,1.1,Fairfax Senior High School,7,0.9,"Wood, Tile","Fireplace(s), Forced Air","Central Air, Dual","Dishwasher, Disposal, Microwave, Refrigerator, Vented Exhaust Fan, Water Purifier, Built-In, Convection Oven, Gas Cooktop, Gas Range, Range, Range Hood, Washer, Dryer","Laundry Closet, Inside, Upper Level, Laundry Room","Assigned, Controlled Entrance, Garage, Gated, Guest, Side By Side, Underground",753456,9196,2019/10/11,968000,,,Los Angeles,90046,CA
37,1146 E 85th St,430000,Spanish style 2 bedroom 1 bath house.,SingleFamily,1929,,None,Garage,5174,2,1,1,840,4,1,Los Angeles,Russell Elementary School,5,0.2,Charles Drew Middle School,1,0.4,,,,,,None,,Inside,Garage,322000,4530,2019/11/7,399900,2019/9/9,322000,Los Angeles,90001,CA
38,1340 Leavenworth St,652000,"Enchanting, free standing , Nob Hill Cottage tucked away in one of the most desirable neighborhoods of San Francisco. Main room with gas burning fireplace & beautiful hardwood floors. Exposed vaulted ceilings with skylight. Well designed kitchen has granite countertops & stainless steel appliances. Bathroom has custom tile & Grohe fixtures. In-unit laundry. A pull down Murphy bed is easily concealed into wall when not in use. This charming cottage is delightful with its classic cottage facade and flower boxed windows. Their is ROOF TOP deck with Golden Gate Bridge & panoramic views.",SingleFamily,1949,Electric,,None,,0,1,1,,0,0,San Francisco,Spring Valley Elementary School,6,0.2,Francisco Middle School,6,0.7,Galileo High School,8,0.8,Wood,Electric,,"Dishwasher, Disposal, Range Hood",Laundry Closet,None,,,2019/10/19,629000,2013/9/24,420000,San Francisco,94109,CA
39,4150 Bain Ave,1250000,"Rarely available prime location!  With 1640 square feet of renovated living space this home featuring a flexible floor plan which offers a comfortable and relaxed lifestyle. Whether you prefer to stroll the one block walk to the best Pleasure Point shops, cafes & restaurants or you are heading straight to the world class beaches and surf spots this location will not disappoint.  This lovely 3 Bedroom, 2 Bathroom home features an inviting front patio space to host old friends and make new ones.  With it's over sized Living Room remodeled Kitchen and the large Master Suite retreat features a spacious walk in closet, attached office space and access to a private side yard deck. Featuring an attached two car garage PLUS bonus storage area for your surf shack, bikes, kayaks, arts and crafts or practically any hobby you will not feel cramped here.  If you are like me, you are sure to enjoy this friendly and inviting neighborhood.  Don't miss out, make this lovely Opal Cliffs home yours!",SingleFamily,1950,"Gas, Forced Air",None,"Garage, Garage - Attached",7623,"Ground Floor Bedroom, Master Bedroom on Ground Floor, Master Suite / Retreat, Walk-in Closet",2,2,1640,0,0,Santa Cruz,Soquel Elementary School,5,1.3,New Brighton Middle School,6,1.3,Harbor High School,7,2.3,"Tile, Hardwood, Carpet","Forced air, Gas",None,Range / Oven,"In Garage, Tub / Sink, Electricity Hookup (220V)","Garage, Garage - Attached",505939,7407,2019/11/12,1298000,1998/11/18,360000,Santa Cruz,95062,CA
40,1500 W Tichenor St,525000,"This is a stunning Completely updated 3 bed 2 bath family home! Back yard has a fully finished permitted 218 sqft storage shed which leaves many possibilities.  Home has been tastefully updated with new kitchen cabinets, quartz counter tops and beautiful stainless-steel appliances. All rooms feature brand new flooring and lighting. The master bedroom has a beautiful in suite bathroom with custom tile finishes. All Plumbing, electrical, central ac / heat, windows, flooring, doors, etc. is brand new and done  with city permits  This home is a must see. And move in ready",SingleFamily,1949,,Central Air,Garage - Attached,5500,3,2,2,1235,1,1,Compton,Longfellow Elementary School,5,0.3,,,,Compton High School,3,1.2,Wood,,Central Air,"Dishwasher, Free-Standing Range, Gas Oven, Refrigerator",Inside,Garage - Attached,525000,9149,2019/11/30,525000,2019/8/7,250000,Compton,90220,CA
41,95 Red Rock Way APT 102M,675000,"Resort-style living in SF!  Great Opportunity to own this gorgeous condo located in Diamond Heights Village.  Open floor plan with updated kitchen (including granite countertops), spacious living room and one large bedroom.  Full access to a remodeled clubhouse, a newly expanded fitness center, outdoor heated pool, poolroom, sauna & party room.  Close distance to shopping center, restaurant, and close to Noe Valley, Glen Park Village & Glen Canyon. This unit also comes with deeded one-car parking.",Condo,1972,"Gas, Wall Furnace",None,Garage,,1,1,1,830,0,0,San Francisco,Rooftop Elementary School,6,0.5,,,,,,,,Gas,None,"Dishwasher, Microwave, Refrigerator",,Garage,703578,9187,2019/10/30,639000,2016/5/11,650000,San Francisco,94131,CA
42,265 Curlew Ct,1900000,"Great curb apparel w/meandering greenery & flowers. Crown molding in LV adds perfection. Kitchen w/ample maple cabinets, built in breakfast nook granite counters & recessed lights. Four burner stove has ac center griddle for pancakes. Family room w/gas fireplace & marble hearth. Granite counter wet bar illuminated by recessed light. Sliding door to paver backyard and huge side yard, RV parking or game of basketball. All bedrooms have refinished hardwood firs and living area has laminated firs.",SingleFamily,1965,"Forced air, Gas",,"Garage, Garage - Attached, Covered",7230,4,3,,3500,2,2,Foster City,Audubon Elementary School,6,0.4,Bowditch Middle School,7,1.1,San Mateo High School,7,4.3,Hardwood,"Forced air, Gas",,Dishwasher,,"Garage, Garage - Attached, Covered",1634260,18558,2019/11/18,1850000,2015/12/2,1540000,San Mateo,94404,CA
43,110 N Palm Dr,2900000,"Over $250,000 Price Improvement!!! Trust Sale-Amazing opportunity in Prime Beverly Hills!!!   Welcome to this 3-bedroom, 3.5 bath, 2348 square foot home located on a fabulous tree lined street just north of Wilshire Blvd in the famed 90210 zip code and well sought-after Beverly Hills School District.  This wonderful home offers an incredible opportunity to remodel or build your dream home on a nice, deep 7500 square feet lot. Original floorplan and layout are perfectly set for the easy transition to the contemporary, modern style of today. Huge, open living room with beautiful fireplace. Eat-in kitchen/family room combo and separate dining room. Large Master Bedroom with lovely ensuite master bath; walk-in closets and lots of storage space. Nice big backyard with sparkling pool and SPA. Large (permitted) over 500 sq. feet guest house w/ 1Br+1Ba.  The Living room was converted to the fully functional studio apartment with private entrance, which can be used as a guest∏MŸ¸ quarters or rental.  Location! Location! Location!   World-renowned fashion houses, restaurants and hotels in the famous ∏M‚›olden Triangle∏M?are just blocks away.   110 N. Palm Drive is truly located in one of the most sought-after neighborhoods in all of California.",SingleFamily,1933,Central,Central Air,Driveway,7500,3,4,3,2348,3,3,Beverly Hills,Beverly Vista Elementary School,8,0.3,,,,Beverly Hills High School,9,1.4,Wood,Central,Central Air,,"Gas Dryer Hookup, Washer Hookup",Driveway,1775961,21379,2019/7/18,3350000,,,Beverly Hills,90210,CA
44,234 Elm St APT 201,940000,"This rare and sought-after 3 bedroom, 2 bathroom condo is conveniently located just a few blocks from Downtown San Mateo. 234 Elm features a spacious central living room with access to the kitchen, a secluded balcony, and a large dining area. All three of the expansive bedrooms have an abundance of natural light and ample closet space. This condominium is not only spacious but the HOA includes a pool, BBQ area, underground parking, and extra storage. With easy access to some of the best restaurants and entertainment options in downtown Burlingame and San Mateo, 234 Elm is an ideal home.",Condo,1964,Forced Air,None,Garage - Attached,,3,2,2,1621,0,0,San Mateo,San Mateo Park Elementary School,4,0.7,Borel Middle School,6,1.4,San Mateo High School,7,0.5,"Carpet, Vinyl / Linoleum",Forced air,None,"Dishwasher, Garbage disposal, Range / Oven, Refrigerator",Outside,Garage - Attached,434494,6140,2019/10/18,998000,,,San Mateo,94401,CA
45,1741 S Spaulding Ave,1200000,"1741 S Spaulding Ave, Los Angeles, CA 90019 is a single family home that contains 1,127 sq ft and was built in 1938. It contains 3 bedrooms and 2 bathrooms. This home last sold for $1,200,000 in January 2020. 
 
The Zestimate for this house is $1,339,241. The Rent Zestimate for this home is $3,900/mo.",SingleFamily,1938,Forced air,Central,"Garage, Covered",4809,3,2,1,1127,4,4,Los Angeles,Crescent Heights Boulevard Elementary School,4,0.6,,,,Alexander Hamilton Senior High School,6,1.7,,Forced air,Central,"Dishwasher, Garbage disposal, Microwave, Range / Oven, Refrigerator","Individual Room, Gas Dryer Hookup, Washer Hookup","Garage, Covered",939286,11564,2018/11/26,1125000,,,Los Angeles,90019,CA
46,2167 Peachtree Ln,1475000,"2167 Peachtree Ln, San Jose, CA 95128 contains 1,604 sq ft and was built in 1949. It contains 3 bedrooms and 0 bathroom. This home last sold for $1,475,000 in January 2020. 
 
The Zestimate for this house is $1,571,682. The Rent Zestimate for this home is $3,250/mo.",Unknown,1949,Central Forced Air,Central AC,"Garage, Garage - Attached, Covered",,3,0,2,1604,1,1,San Jose,Merritt Trace Elementary School,4,1,Herbert Hoover Middle School,3,1,Abraham Lincoln High School,5,1,Hardwood,"None, Forced air",Central,"Dryer, Microwave, Refrigerator, Washer","Washer / Dryer, Inside","Garage, Garage - Attached, Covered",1001698,12599,2019/9/13,1549000,2016/12/5,800000,San Jose,95128,CA
47,1620 N Soto St,730000,"Your Search Is Over! These are the units/property your client/buyers have been looking and waiting for! Take a look at this spacious units that are located in a great and high demand area of Boyle Heights. All 3-units offer lots of potential and are located right across the street from LAC-USC Medical & Health Sciences Campus, and just mins away from Cal-State LA, Downtown LA & The Arts District Area & to Holy Grounds Coffee & La Terraza Coffee/Tea shop. All units offer plenty of room to entertain. These units are truly a must see! And are priced to sell and great investment opportunity.",Unknown,1928,Wall Furnace,,Garage,,,,,2449,7,1,Los Angeles,Murchison Street Elementary School,2,0.2,El Sereno Middle School,5,1.6,Woodrow Wilson Senior High School,4,0.8,,Wall Furnace,,,None,Garage,263574,3648,2019/12/18,719900,,,Los Angeles,90033,CA
48,1522 Canna Ct,1500000,"Substantially large and tastefully updated END UNIT townhome in the highly coveted Mountain View Gardens II community. Feels like a house, with attached 2 car garage, bonus storage, and large private patio that opens to a massive grass covered play field and playground common area. Perfect sized kitchen features granite countertops, gas range/oven combo, garden window, breakfast nook, and built in hutch/bar. Large master and guest bedrooms with plenty of privacy. Spacious living room with fireplace. 2 year new, high end Samsung Heat + A/C unit for all bedrooms and living area/dining room. Excellent commute location, near Shoreline,  Google, etc.. Priced below recent comparable sales. Awesome property!

With the end unit location, large size, and two car attached garage, it feels like a house. The enormous back yard play area, though common to the community, feels like a private park with play structure for my family, and friends to walk out the back gate to throw a Frisbee, football, kick a soccer ball and play safely. The EZ commute location means more time at off the roads at home enjoying life!",Townhouse,1968,Central Forced Air,"Ceiling Fan, Central AC","Garage, Garage - Attached, Covered",1812,"Master Suite / Retreat, Walk-in Closet",3,2,1533,2,2,Mountain View,Theuerkauf Elementary School,7,0.2,Crittenden Middle School,6,0.5,Los Altos High School,8,1.8,"Carpet, Hardwood, Laminate","Forced air, Gas",Central,"Dishwasher, Dryer, Freezer, Garbage disposal, Microwave, Range / Oven, Refrigerator, Washer",Inside,"Garage, Garage - Attached, Covered",1199164,14887,2019/11/16,1488888,2016/11/10,1130000,Mountain View,94043,CA
49,3304 Winkle Ave,1250000,"OPEN House this weekend 10 /13 inspections complete (Home &Termite). NEWLY built and fully finished this luxurious 5 bdrm 4.5 bath home is exquisite with rustic stone / marble finishes and custom bathroom sink bowls, The Imported European Maple floors surround Marble counter tops and the Viking 6 burner gas stove/dual ovens, Sub zero Viking refrigerator / wine cooler and copper hood finish off the eat in kitchen. The naturally lit 2550 sq ft home includes guest quarters or an easy to rent  611 sq ft 1 bdrm 1 bath adu with it's own separate entrance and paver parking.Santa Cruz Garden school area and near great shopping just minutes from beaches.",SingleFamily,2018,"Heating - 2+ Zones, Fireplace, Individual Room Controls",Other,Garage - Attached,9147,5,5,4,3120,0,0,Santa Cruz,Santa Cruz Gardens Elementary School,6,0.8,Mission Hill Middle School,6,4,Harbor High School,7,1.3,Wood,Other,Other,"Dishwasher, Dryer, Microwave, Range / Oven, Refrigerator, Washer","In Garage, Washer / Dryer",Garage - Attached,775616,10112,2019/9/7,1345000,,,Santa Cruz,95065,CA
50,829 S Ogden Dr,1780000,"Perfectly positioned within Miracle Mile, this charming Tudor home leads through a courtyard to a captivating residence. As you enter the residence you are met with an ambience of natural light  and grand windows with an intelligent one-story open  floor plan suitable for any family and the avid entertainer. Intricate French doors will lead to an outdoor entertaining area with a fireplace and BBQ bar designed for outstanding California living. The kitchen is equipped with high-end appliances and top of the line soft close cabinets. Surround sound throughout the house allows you to listen to music as you host guests. The property is also equipped with a detached self-sustainable bonus en-suite With grand sliding doors to give the indoor/outdoor experience. Conveniently located within steps from LACMA, Original Farmers Market, Equinox, Wholefoods and the Grove this quiet street feels like you're far away from the city yet you're right where the action is.",SingleFamily,1924,Central,Central Air,"Auto Driveway Gate, Driveway, Concrete, Gated",,3,1,1,1599,0,0,Los Angeles,Carthay Center Elementary,5,0.5,,,,Fairfax Senior High School,7,1.4,Wood,Central,Central Air,"Barbecue, Dishwasher, Disposal, Microwave, Refrigerator, Water Purifier, Washer, Dryer",Stackable,"Auto Driveway Gate, Driveway, Concrete, Gated",1136552,13913,2019/11/9,1750000,2016/3/18,1050000,Los Angeles,90036,CA
51,366 Raymond Ave,1250000,Beautiful new home located within walking distance of Santana Row and Westfield Valley Fair and only 3.5 miles from downtown San Jose. Designed and built for easy care with premium appliances and materials.,SingleFamily,2019,Central Forced Air - Gas,Central AC,"Garage, Garage - Attached, Covered",3959,"Ground Floor Bedroom, Walk-in Closet",3,3,1783,1,1,San Jose,Luther Burbank Elementary School,4,0.2,,,,Del Mar High School,5,1.2,Hardwood,"Forced air, Gas",Central,"Dishwasher, Garbage disposal, Microwave, Refrigerator","Upper Floor, Gas Hookup","Garage, Garage - Attached, Covered",1133294,15990,2019/11/18,1195000,,,San Jose,95128,CA
52,358 S Gramercy Pl APT 308,420000,"Located near to Hancock Park, Korea Town, Larchmont Village and Miracle Mile/Mid-Wilshire.  This 1 bedroom + 1 bathroom unit is completely remodeled and move-in ready!  It∏MŸ¸ been freshly painted with all new cement flattened and textured ceilings.  Completely new and remodeled kitchen is a chef∏MŸ¸ dream.  It features all new stainless steel appliances, including a high temp range and convection oven with cooking hood, dishwasher, refrigerator.  This gorgeous kitchen also features all new European solid wood cabinets, American walnut butcher block counters and bar. The bathroom features a brand new tub and shower enclosure, new toilet, new sink and new limestone floor. Entire unit features 100% waterproof vinyl laminate throughout with new carpet in the bedroom.  New Milgard double glazed ∏Mèaow-E∏M?energy efficient windows throughout.  New energy efficient AC and Heat.  This building has video security and a subterranean garage.  This unit comes with 1 parking space and an additional storage locker.  Community pool and sauna with on-site laundry.",Condo,1965,Central,Central Air,"Assigned, Built-In Storage, Community Structure, Controlled Entrance, Underground",,1,1,1,724,1,1,Los Angeles,Wilshire Park Elementary School,6,0.5,John Burroughs Middle School,7,1.5,Los Angeles Senior High School,4,1.5,"Carpet, Laminate",Central,Central Air,"Convection Oven, Dishwasher, Gas Range, Ice Maker, Refrigerator",Community,"Assigned, Built-In Storage, Community Structure, Controlled Entrance, Underground",277100,3424,2019/8/5,428800,2015/11/24,256000,Los Angeles,90020,CA
53,295 Laurel Grove Ln,965000,"Please Note: If this ad is still up, the property is still available. Please inquire on this site to schedule a showing! This four bedroom, two and a half bathroom end-unit features a plethora of upgrades; open floor plan, high-ceilings, crown molding, coffered ceiling, eat-in kitchen & dining room, granite counters, beautiful laminate flooring, new stainless steel Frigidaire refrigerator, gas oven and cooktop, loads of cabinet space, 2 car tandem attached garage with built-in storage, washer and dryer, and much more. Ideally located near; Diridon Station, proposed Google Village, SAP Center, Whole Foods, San Pedro Square, and all Downtown San Jose has to offer. Security deposit is 1 months rent.",Townhouse,2005,"Forced air, Electric",Central,"Garage, Garage - Attached, Covered",25961760,4,3,2,1700,2,2,San Jose,Merritt Trace Elementary School,4,1.3,Herbert Hoover Middle School,3,1.2,Abraham Lincoln High School,5,1.2,Hardwood,"Forced air, Electric",Central,"Dishwasher, Dryer, Garbage disposal, Microwave, Range / Oven, Refrigerator, Washer",,"Garage, Garage - Attached, Covered",828451,10714,2019/11/5,989000,,,San Jose,95126,CA
54,1303 Selo Dr,1500000,"Cozy, comfortable and oh-so charming, this home is centrally located just a short walk or drive to many modern conveniences, coffee shops, schools, gyms and restaurants. Inside youll find beautiful Oak hardwood flooring through the living room and bedrooms. The double pane windows have colonial style grid frames and allow an abundance of natural light into virtually every part of the home. The freshly painted interior walls provide a neutral color palette, complete with contrasting crown molding and baseboards. Updated kitchen features modern flat panel cabinetry, Corian countertops, bamboo flooring, a gas range/oven and built-in breakfast nook. Through the kitchen access the spacious backyard with a concrete patio, awning, and an opportunity to create your own sanctuary. Detached two car garage as well as a finished shed. Located w/in the Cupertino school boundary and short walk to Nimitz Elementary and Fremont High. Less than two miles to downtown Sunnyvale and weekly farmers market",SingleFamily,1949,Forced Air,None,"Garage, Garage - Attached, Covered",6520,3,1,1,913,2,2,Sunnyvale,Chester W. Nimitz Elementary School,5,0.3,Cupertino Middle School,8,1.6,Fremont High School,7,0.2,"Tile, Hardwood",Forced air,None,"Dishwasher, Range / Oven, Refrigerator",In Garage,"Garage, Garage - Attached, Covered",662686,8226,2019/11/20,1425000,2003/7/3,510000,Sunnyvale,94087,CA
55,21528 Rosario Ave,2350000,"Beautiful home located within walking distance to top schools: Monta Vista, Kennedy & Lincoln. Call this home & you'll be close to many amenities & the Valley's top employers with easy access to highways 85 & 280. With room for large families, the kitchen features a glass top cook range, double ovens, granite countertops and an eat-in kitchen area all overlooking a beautifully landscaped backyard w/ luxurious artificial grass. Just off the kitchen is a formal dining room w/ bay window & hardwood flooring connects to an impressive formal living room that boasts high ceilings, and a stunning gas fireplace. The separate family room with interior french doors, hardwood and a fireplace of its own is the perfect place to unwind after a long day. Upstairs are 3 bedrooms, 2 bathrooms that include a large master suite with lots of windows, a large private bath w/ double vanity and tons of closet space. 1 bed and bath downstairs. Go and Show. Clear Pest inspection",SingleFamily,1972,Gravity,"Ceiling Fan(s), Whole House Fan","Garage Door Opener, Attached",7840.799999999999,4,3,,2248,2,2,Cupertino,Abraham Lincoln Elementary School,8,0.4,John F. Kennedy Middle School,9,0.1,Monta Vista High School,10,0.5,"Carpet, Hardwood, Tile",Gravity,"Ceiling Fan(s), Whole House Fan","Gas Water Heater, Dishwasher, Double Oven, Electric Range, Disposal, Refrigerator","220 Volt Outlet, Laundry Room","Garage Door Opener, Attached",282869,4181,2019/8/19,2750500,,,Cupertino,95014,CA
56,3145 Turk Blvd APT 101,1490000,"This exceptional Lone Mountain home offers a rare opportunity to own a spacious three-bedroom, two-bathroom condominium in a boutique elevator building.  This contemporary home features 1,630 square feet of living space, three spacious bedrooms, two luxurious bathrooms with timeless finishes, and an extraordinary open dining and living room with gas fireplace. The chef's kitchen is an entertainer's delight with oversized breakfast bar, custom cabinetry and top-of-the-line appliances. Additional features include ample closet and storage space, large laundry room, deeded storage unit, parking, amazing shared garden ready for entertaining and view roof deck. This premier Lone Mountain location  is just steps away from the vibrant  restaurants, boutique cafes and  entertainment offered by Balboa Street  & Arguello Boulevard. It's also within  close proximity to many San Francisco  landmarks and cultural institutions  such as Golden Gate Park, USF,  and the  De Young Museum.",Condo,0,Electric,,"Garage Door Opener, Independent, On Site",,3,2,2,1630,1,1,San Francisco,New Traditions Elementary School,8,0.5,Roosevelt Middle School,9,0.3,Wallenberg (Raoul) Traditional High School,7,0.8,"Stone, Wood",Electric,,"Dishwasher, Range Hood, Microwave",Inside Room,"Garage Door Opener, Independent, On Site",,,2019/9/13,1649000,,,San Francisco,94118,CA
57,1018 S Gretna Green Way,4550000,"Located in the heart of Brentwood, this 5 bedroom 6 bathroom brand new modern farmhouse was built and designed by Ivy League architect Phil Rezvani with Dinali Construction. Included in this open floor plan are many high end custom finishes you are sure to love! Enjoy an indoor/outdoor feel in the spacious living room/kitchen, where custom pocket doors lead out to an inviting backyard complete with a pool, cabana, barbecue, and firepit.The expansive master suite has access to a large private balcony, luxurious master bath with vanity and oversized shower and a freestanding bathtub. The home also includes a luxurious high end theater to watch your favorite movies in, as well as a Control4 system, accompanied by security cameras throughout. This home has everything a buyer could ever dream of!",SingleFamily,2019,Central,"Central Air, Dual, Heat Pump",Garage - Attached,8300,5,6,6,4700,0,0,Los Angeles,,,,Paul Revere Middle School,7,1.8,University Senior High School Charter,6,0.5,Wood,Central,"Central Air, Dual, Heat Pump","Barbecue, Dishwasher, Disposal, Microwave, Water Purifier, Built-In, Gas Cooktop, Double Oven, Gas Oven, Dryer",Laundry Room,Garage - Attached,2499000,30136,2019/8/8,4795000,2018/7/17,2450000,Los Angeles,90049,CA
58,895 Indiana St,1175000,"Spacious and bohemian brick and timber loft in one of San Francisco's trendiest neighborhood. Single car garage parking included, private front and back yard. Large shared common area and courtyard, dog park, gym and theatre. Brand new appliances and meticulously maintained. 5m walking to UCSF and K/T Transit.

Flexibility on lease length.",Apartment,2009,,,Garage - Detached,,1,,,1000,0,0,San Francisco,,,,,,,S.F. International High School,2,0.6,Hardwood,,,"Dryer, Washer",In Unit,Garage - Detached,1220388,15523,2016/6/25,1095000,2016/7/22,1150000,San Francisco,94107,CA
59,457 Seaview Dr,1600000,"Looking for VIEWS? This spacious 3 bed 2 bath home sits on a 6,000 sqft. corner lot with breathtaking panoramic views of the ocean. This light & bright property features vaulted ceilings & brand new carpet throughout. 2 beds & 1 bath on entry level. Master suite on second floor with huge walk-in closet. Not only is there a garden area with various exotic fruit trees, there is also an extra large pool in the backyard. Love the ocean? You are not going to want to pass this one up. Neighborhoods: Out of Area Equipment:  Dryer, Washer Other Fees: 0 Sewer:  Sewer Connected Topography: LL",SingleFamily,1966,"Natural Gas, Forced Air",None,"Driveway, Gated, Direct Access, Garage Faces Front, Garage Faces Rear, Garage Faces Side, Garage - Two Door, Garage Door Opener",6229,3,2,2,1927,6,2,Aptos,Rio Del Mar Elementary School,8,1.2,,,,Aptos High School,7,2.2,,"Natural Gas, Forced Air",None,"Dishwasher, Refrigerator, 6 Burner Stove, Gas Oven","Gas Dryer Hookup, Laundry Room","Driveway, Gated, Direct Access, Garage Faces Front, Garage Faces Rear, Garage Faces Side, Garage - Two Door, Garage Door Opener",631680,7830,2019/9/26,2195000,1994/11/30,419500,Aptos,95003,CA
60,417 Portofino Dr,2789000,"Turnkey investment opportunity mid-San Carlos Hills location on cul-de-sac w/views, fully leased, cash flow positive. The building consists of (4) 2 bedroom, 2bath, approx. 1,200 +/- sq.ft. spacious remodeled units. Interior upgrades include double-pane windows throughout. New Roof, 08/2019. Coin-operated laundry on premises.",MultiFamily,1963,Central Forced Air - Gas,None,"Garage, Carport",,,0,,5037,0,0,San Carlos,Heather Elementary School,8,0.2,Tierra Linda Middle School,8,1.3,Carlmont High School,9,1.3,"Hardwood, Laminate","Forced air, Gas",None,"Dishwasher, Garbage disposal",Coin Operated,"Garage, Carport",1530002,21809,2019/8/25,2789000,1996/6/17,500058,San Carlos,94070,CA
61,49 Blanca Ln SPC 57,160000,"Centrally located in Watsonville, this 1444 square foot mobile home is priced to sell! Plenty of room to add a third bedroom or enjoy the current open layout with plenty of room to entertain. Affordably priced to allow buyers money for new flooring and interior paint.",MobileManufactured,1975,Gas,Ceiling Fan,0 spaces,,2,2,2,1440,0,0,Watsonville,H. A. Hyde Elementary School,3,0.5,Cesar E. Chavez Middle School,2,0.8,Pajaro Valley High School,3,2,,Gas,,,Hookups Only,,,,2019/10/23,199900,,,Watsonville,95076,CA
62,250 E 61st St,585000,"EXCELLENT INVESTMENT OPPORTUNITY:  4 clean units - All 1 bed, 1bath, 2,720 total sq. ft, in good condition. 3 of the 4 units have long term tenants that will remain.  1 of the 4 units is remodeled and is offered for lease at $1,250 a month or could be delivered before leasing it. Inside washer and dryer with an exterior entrance on all four units. Located close to all transportation.   Don't miss this great opportunity to own your own investment property.    This property is located in a designated ""Opportunity Zone"" with capital gains tax saving incentives (to be verified with your accountant).",MultiFamily,1948,Wall Furnace,None,,,,,,2720,5,5,Los Angeles,,,,Mary Mcleod Bethune Middle School,2,0.5,,,,,Wall Furnace,None,,"Gas Dryer Hookup, Inside, Washer Hookup",,698700,8736,2019/11/15,585000,2019/3/29,10000,Los Angeles,90003,CA
63,14815 Mcvay Ave,129000,"14815 Mcvay Ave, San Jose, CA 95127 is a single family home that contains 1,475 sq ft and was built in 1960. It contains 3 bedrooms and 2 bathrooms. This home last sold for $129,000 in January 2020. 
 
The Zestimate for this house is $994,924. The Rent Zestimate for this home is $3,500/mo.",SingleFamily,1960,"Other, Gas",Central,"Garage, Garage - Attached, Covered",7361,3,2,,1475,2,2,San Jose,Horace Cureton Elementary School,4,0.3,Joseph George Middle School,3,0.2,James Lick High School,4,1.1,"Tile, Carpet","Other, Gas",Central,"Dishwasher, Garbage disposal, Microwave, Range / Oven, Refrigerator",,"Garage, Garage - Attached, Covered",741778,10356,2015/3/4,675000,2015/5/28,665000,San Jose,95127,CA
64,2391 Rollingwood Dr,1150000,"Located in the idyllic Rollingwood enclave, this dual-level home has undergone updating offering serenity, functionality, & value. The enticing kitchen features composite counters, brilliant maple cabinetry, as well as stainless appliances including a five-burner gas stove with modern stainless hood, French door refrigerator and stainless dishwasher. The kitchen opens to a large side yard level grass play area and deck offering views of San Bruno Mountain with copious areas for entertaining. Adjacent the kitchen is a dedicated dining area & large living room with rich granite facade fireplace. Down the hallway is an updated bath along with three spacious bedrooms, including an Owner's ensuite with its own stylish bath & seamless shower enclosure. Exclusive to the home, is a substantial bonus room addition & full bath which has a separate entrance from a lower patio making an ADU a real possibility. A ""MUST SEE"".",SingleFamily,1955,Central Forced Air - Gas,Central,"Underground/Basement, Garage - Attached, Covered",6534,4,3,3,1475,2,2,San Bruno,Rollingwood Elementary School,4,0.1,,,,Capuchino High School,6,2.5,"Tile, Hardwood","Forced air, Gas",Central,"Dishwasher, Dryer, Freezer, Garbage disposal, Microwave, Range / Oven, Refrigerator, Washer",In Garage,"Underground/Basement, Garage - Attached, Covered",154269,1804,2019/11/18,998000,2003/5/13,172000,San Bruno,94066,CA
65,4328 Chase Ave,1364000,"Originally built in 1940's and expanded in the 2000's this Mar Vista home has some great features; including vaulted ceilings reaching 12' high. Original hardwood floors throughout and a detached garage that is currently being used as an art studio. One of the most special features is the gorgeous mature foliage surrounding the front and backyard to truly make you feel as though you are in a private oasis. This 2 bed 2 bath single story home is located on a great quiet street, walking distance to amazing restaurants and local shops, and minutes from the beach.This is perfect for anyone who wants to move in right away while also maintaining the opportunity to create their own Californian retreat.",SingleFamily,1941,Central,,Driveway,,2,2,1,1525,0,0,Los Angeles,Short Avenue Elementary School,6,0.2,Marina Del Rey Middle School,2,0.6,Venice Senior High School,6,1,Wood,Central,,,In Garage,Driveway,543414,6711,2019/9/14,1550000,2001/9/21,370000,Los Angeles,90066,CA
66,15264 Oak Creek Rd,799500,"Country living at its finest! Tucked away in the Prather hills on 10 acres, you will find this stunning home with incredible stone-work throughout. Upon entering this home, you are greeted by an updated kitchen complete with top of the line stainless-steel appliances, granite countertops, stunning views of the backyard, and open to the great room. The great room is the perfect place to entertain w/ beautiful wood ceiling & brick fireplace as the focal point. The Master suite includes fireplace, built-in entertainment cabinet, spa-like bathroom w/ stunning walk-in shower with dual shower, soaker tub, & 2 walk-in closets. 2 additional bedrooms- one with large closets & balcony, and the other downstairs with private access to backyard. The backyard is an entertainers paradise & truly breathtaking with custom rock waterfall into the pool with beautiful stone work, outdoor kitchen, and large grassy areas. Surrounded by beautiful views of the Sierras, don't miss out on this incredible home",SingleFamily,1998,Forced air,Central,"Work/Shop Area, Auto Opener",435600,3,3,2,3593,0,0,Urban,Foothill Elementary,6,4,,,,Sierra High School,6,6.5,"Tile, Hardwood",Forced air,Central,,Inside,"Garage, Garage - Attached",420536,4314,2019/6/6,929000,,,Prather,93651,CA
67,1026 Folsom St UNIT A,425000,Ground Floor corner unit with direct exterior access.  Owned by a designer who customized every detail for maximum utility.  Locked bicycle storage.  Large screen flat TV included as well as mini kitchen in a cabinet!  Abundant storage.  Available furnished or empty.,Condo,2001,Electric,,None,,0,1,1,307,0,0,San Francisco,Daniel Webster Elementary School,5,1.3,Lick (James) Middle School,3,2.4,,,,Simulated Wood,Electric,,Microwave,,None,,,2019/12/2,425000,,,San Francisco,94103,CA
68,3945 Globe Ave,170000,"Huge Price Reduction! Beautiful and Move-in Ready! Complete renovation done tastefully with a Designer's Eye creating a warm and welcoming ambiance.  Kitchen has new Quartz counter tops & custom tile back splash with all-new self-closing cabinets, stainless steel appliances with 5-burner stove, plus stainless refrigerator & attached pantry. New paint and flooring throughout home; other features include recessed lighting, custom mirrored wardrobe designs in both bedrooms, Rain glass doors, custom tiled walls, tile work accents & designer light fixtures.  Bathroom is a showcase with double sink units, custom tile work, and designer colors.  Laundry room is attached to kitchen for your convenience, and side entrance leads to private driveway and detached two-car garage (newly dry-walled). Grounds have all new water-conserving landscape, original red-brick BBQ in back yard & updated electrical panel, stained concrete front driveway, and possible RV access. Located on a cul-de-sac, this extra large lot provides lots of space to create your own private oasis.  Complete new exterior paint, and newer dual a/c and heater unit. This home is conveniently located to major shopping, freeway access, and top-rated schools.",SingleFamily,1948,"Other, Gas",Central,"Garage, Covered",6499,2,1,1,1021,2,2,Culver City,La Ballona Elementary School,6,0.5,Culver City Middle School,7,1,Culver City High School,8,0.9,"Softwood, Tile, Concrete","Other, Gas",Central,"Dishwasher, Garbage disposal, Refrigerator",,"Garage, Covered",866813,10813,2015/10/26,895000,2016/8/25,819900,Culver City,90230,CA
69,2222 Avenue Of The Stars UNIT 1902,3200000,"Very rare stunning corner double unit with drop dead city and ocean views in the iconic I.M. Pei Century Towers.  Located in the heart of Century City, this airy, open unit has a wonderful flowing floor plan.  Recently gutted, and remodeled, this unit is ready to satisfy your fussiest client. This unit has a versatile floor plan which can be used either as a 4 bedroom, 3bdr + den, 2bdr+den+office or 1bdr+den+office+maids. The kitchen has a center island which looks out to a very large balcony overlooking the golf course, city and ocean.  An entertainers dream! This is a 24 hour full service guard gated building with doorman, valet parking,tennis courts, fitness center sauna, outdoor swimming pool and beautiful grounds.  A prime location close to Beverly Hills, Century City and freeways.",Condo,1964,Central,Central Air,"Garage - Two Door, Valet",,4,4,2,3230,0,0,Los Angeles,Westwood Charter Elementary School,9,1.4,,,,University Senior High School Charter,6,3.3,"Tile, Wood",Central,Central Air,"Dishwasher, Disposal","Inside, See Remarks","Garage - Two Door, Valet",2177177,26367,2019/9/10,3295000,2013/12/5,1165000,Los Angeles,90067,CA
70,2674 Bon Bon Dr,940000,"Beautiful single family home located in the highly desirable Evergreen area. This 4 bedroom, 3 bathroom home demonstrates the pride of ownership throughout, with newly installed granite kitchen countertops. The open floor plan offers a large kitchen with natural light with a breakfast area opening into family room with a wood burning fireplace, wet bar, and guest bathroom. Home also features tile flooring, double pane windows, central heating, laundry facilities in garage, oversized master bedroom, separate living room. Beautiful front yard Landscaping with extra Fenced/Private front yard. The large backyard offers a relaxing atmosphere with plenty of mature fruit trees including lemon, orange, pear, peach, apricot and plum. Property has an extra storage area 10x10 enclosed & secured. Area schools: Cedar elementary, Quimby Oak Middle & highly desired Evergreen High School. Easy access to highways 101 & 680, minutes away from Eastridge mall, High tech firms, Churches, Shops & Markets.",SingleFamily,1966,Central Forced Air,None,"Garage, Garage - Attached, Covered",6050,4,3,2,1853,2,2,San Jose,Cedar Grove Elementary School,5,0.2,Quimby Oak Middle School,7,0.9,Evergreen Valley High School,9,1.2,"Tile, Laminate, Carpet",Forced air,None,,In Garage,"Garage, Garage - Attached, Covered",198530,4152,2019/7/12,974950,,,San Jose,95148,CA
71,318 Main St UNIT 4A,840000,"Great opportunity for first-time home buyers, those looking for a pied-a-tierre or for investors. Well laid out junior one bedroom at the coveted Lumina. Walking into Unit A4A there is a generous open kitchen, dining and entertaining area. Ample space to enjoy a glass of wine with friends. Decompress after work with the tranquil interior courtyard views. Unit features include Nest Learning Thermostat, European Porcelain Tile, Volakas Marble Countertop and Caesarstone Countertops as well as Gaggenau Appliances. A4A features a semi-enclosed bedroom with enviable closet space.  In unit washer dryer and one car parking complete this unit. Building services include doorman and approximately an acre of amenities including but not limited to pool, climbing wall, gym, conference rooms. This is one of the most economically priced units at The Lumina and offers a great entry point for Buyers and Investors into this world class community.",Condo,2015,,,"Enclosed, Side By Side, Valet, Side by Side, On Site",,1,1,1,,1,1,San Francisco,Daniel Webster Elementary School,5,1.8,Lick (James) Middle School,3,3.5,Five Keys Independence High School (Sf Sheriff's),2,1,"Carpet, Tile",,,Dishwasher,,"Enclosed, Side By Side, Valet, Side by Side, On Site",,,2019/9/20,899000,,,San Francisco,94105,CA
72,21 Loma Ave,690000,"Quaint 2 Bedroom 1 Bath Beach Cottage nestled in wonderful La Selva Beach Community. Property has undergone extensive updates- new paint, flooring, kitchen cabinets, countertops, appliances, bathroom remodel and much more. Ideal vacation rental, weekend retreat or first time home - great potential with large lot/ side yard that can be used for future remodel/ expansion!  Lot spans two streets, main entrance on Loma Ave with rear entrance and large parking area and storage shed on Sells Dr.",SingleFamily,1950,Central Forced Air,None,"Carport, Covered",7405,2,1,1,900,1,1,Watsonville,Valencia Elementary School,6,3.3,,,,Aptos High School,7,2.4,"Tile, Laminate","Forced air, Gas",None,"Dishwasher, Garbage disposal, Microwave, Range / Oven, Refrigerator",Outside,"Carport, Covered",165903,2122,2019/10/13,728000,,,Watsonville,95076,CA
73,6527 Ferguson Dr,525000,"Lovely 3 bedroom 2 bath home, many updates throughout this wonderful home including a newly built master bedroom with an amazing master bathroom. Beautiful glass shower doors, and a modern look throughout the whole house. Recent LG Solar panels, never pay an electric bill again! Solar panels will be paid in full with sale. Detached 2 car garage and long driveway for plenty of parking, Nice outside area for family gatherings and entertaining friends. Very nice clean home, you'll fall in love with the home and all the upgrades.",SingleFamily,1942,,None,Garage,4064,3,2,2,1176,2,2,Commerce,Montebello Park Elementary School,4,0.3,,,,Schurr High School,5,1.3,,,None,,Common Area,Garage,525000,7316,2019/11/20,525000,2009/10/16,240000,Los Angeles,90022,CA
74,2950 Rosemary Ln,1250000,"Outstanding opportunity to own a single level updated duplex in one of the strongest rental markets in the Nation. Desirable unit mix of (2) 2bd/1bth units. Each unit has a private rear yard, single car garage, fireplace, forced air heating, dual pane windows, & individual water heaters.  Convenient central location near Downtown Campbell with quick access to highways. Both units have a functional floor-plan with lots of natural light.  One of the units is vacant & ready for a tenant at market rent.",MultiFamily,1958,Central Forced Air - Gas,None,"Garage, Garage - Attached, Covered",,,0,,1919,2,2,San Jose,Castlemont Elementary School,6,0.4,Monroe Middle School,4,0.8,Del Mar High School,5,1.2,,"Forced air, Gas",None,,Hookups Only,"Garage, Garage - Attached, Covered",701074,10503,2019/11/7,1335000,2013/5/15,215000,San Jose,95128,CA
75,4336 Moore St,1050000,"Three bedroom one bath mid-century Culver City home located just minutes from Marina del Rey and the Pacific Shore..close to everything!  Living room with beautiful hardwood flooring that extends through most of the home.  Fully remodeled kitchen with custom cabinets and built in appliances.  Attached service porch with laundry.  Dual glazed windows throughout.  Good size yard with large, mature trees and detached garage.  Add some affordable landscaping to the yard for an inviting and comfortable oasis.  Great feel to this home with the close proximity to the ocean..just a couple of miles inland",SingleFamily,1953,,,Garage - Two Door,4226,3,1,1,1077,0,0,Los Angeles,La Ballona Elementary School,6,2,Culver City Middle School,7,2.2,Culver City High School,8,2.1,Wood,,,"Dishwasher, Microwave, Washer",Laundry Room,Garage - Two Door,448662,6129,2019/10/3,1167000,1999/5/21,313000,Los Angeles,90066,CA
76,7198 Via Corona,890000,"Welcome to this lovely home in the well sought after Los Paseos neighborhood. This beautiful home has open floor plan with bright natural lighting.  Updated spacious kitchen will be a great place for wonderful gatherings and conversations. Home features 3 beds, 2 full baths,  Dual Pane Windows, Water Softener, Recess Lighting, Crown Molding and updated Laminate Flooring.  Home is conveniently close to School, Park, Shopping, 101, 85 freeways.  Relax in a well maintained backyard and enjoy some seasonal fruits.  This is a wonderful home not to be missed.",SingleFamily,1977,Central Forced Air,None,"Garage, Garage - Attached, Covered",6120,3,2,2,1271,2,2,San Jose,Los Paseos Elementary School,5,0.3,Martin Murphy Middle School,5,0.4,Ann Sobrato High School,7,7.5,"Tile, Laminate",Forced air,None,"Garbage disposal, Microwave, Refrigerator",In Garage,"Garage, Garage - Attached, Covered",696597,9212,2019/11/12,888000,2007/11/27,580000,San Jose,95139,CA
77,541 Quartz St,1410000,"Charming 1927 home in fantastic neighborhood 1 mile from downtown Redwood City and Caltrain. Close to both highway 280 and 101. Fenced yard with plenty of off-street parking and detached 2 car garage. Raised garden beds, edible landscaping, covered patios. Biweekly yard service and water, sewer, garbage included.

Includes 2 car garage. Owner pays for water, sewer, garbage and biweekly basic yard maintenance. Potential tenants will be responsible for a $35 non-refundable credit/background check through Transunion Smartmove for each adult over 18 prior to execution of the 6 month lease agreement. Pets considered.",SingleFamily,1927,Gas,Central,"Garage, On-street, Covered",7906,2,1,,710,6,6,Redwood City,John Gill Elementary School,6,0.2,John F. Kennedy Middle School,5,0.8,Sequoia High School,6,0.8,Laminate,"Forced air, Gas",Central,Washer,In Unit,"Garage, On-street, Covered",80741,38,2019/11/19,1230800,,,Redwood City,94062,CA
78,575-577 17th Ave,2430000,"This two units are fully renovated down to the studs, insulated , double pane windows and etc.   The main unit offers 3 bedrooms and 3.5 baths,  a modern  kitchen that features Thermador stainless steel appliances with good size of island, a large living room with the fireplace , dining room , and office space. The third floor which hosts three suites, generous size Master  suite and walk-in closet.   The  lower cosy unit feature with two suits directly run down to the garden, practical  kitchen and eating area and living room.","3 Story, Duplex",1914,"Forced air, Gas",Central,"Garage, Auto Door, Deck",,5,5,,2583,0,0,San Francisco,Argonne Elementary School,8,0.1,Presidio Middle School,8,0.9,Washington (George) High School,7,0.9,Hardwood,"Forced air, Gas",Central,"Dishwasher, Refrigerator",,,1664640,20690,2019/10/4,2590000,2018/6/7,1600000,San Francisco,94121,CA
79,998 Burnett Ave,1850000,"Large corner lot w/2084 sqft of living space. Offering a total of 4 bd, 3 baths & 2 kitchens w/ attached 2 car garage. Tastefully renovated & w/ permits, this gem is truly move in ready. Approaching this home, you see that exterior has been transformed! Stucco, fresh paint & wood sidings brings life again to this once modest facade. All new dual pane windows & updated garage doors open an abundance of natural light within. Street level-1 bd & 1 bath in law unit w/ its separate entrance & can be accessed from the home. Upstairs-3 bd/ 2 baths w/ hardwood floors throughout. The marriage of the kitchen, dining & living is the perfect entertainment space. Fully equipped w/ Thermador SS appliances, large island w/ built in beverage center/microwave & plenty of storage/prep areas makes a novice cook to master chef blush to showcase their masterpiece. Fenced/ landscaped this space is your own personal oasis. Peace of mind knowing your children/pets are safe at play. Endless possibilities!",SingleFamily,1965,Gravity,No Air Conditioning,"Garage Door Opener, Attached",3484.8,4,3,,2084,2,2,San Francisco,Clarendon Alternative Elementary School,8,0.8,Presidio Middle School,8,3.5,,,,"Hardwood Flrs Throughout, Tile, Vinyl",Gravity,No Air Conditioning,"Gas Water Heater, Dishwasher, Disposal, Microwave, Refrigerator","220 Volt Outlet, Hookups Only","Garage Door Opener, Attached",1855808,22981,2019/11/2,1695000,2019/7/31,1318000,San Francisco,94131,CA
80,1535 Gordon St,1775000,"Development opportunity. Super Prime location in the heart of Hollywood crossing Sunset. R4 zoning, Tier 3 TOC. Current structure is a Owner Occupied Single Family residence. No need for Tenant Relocation! Property is also situated in the highly desired Opportunity Zone; which offers major tax benefits to 1031 Exchange buyers.  Property has a Q Condition which limits the development to 600 sq ft per Unit.  Multiple Bonus Density incentives may be applied to the lot as follows: TOC (70%), SB1818 (35%) Newly Developed properties in the vicinity collecting over 4$ a sq ft in rents! Situated in the Core sectors of All that Hollywood has to offer; Bars, Restaurant, theaters, clubs, & much more. Buyer to do their own due diligence.",SingleFamily,1940,None,,Driveway,6361,2,1,1,805,0,0,Los Angeles,Grant Elementary School,4,0.4,Joseph Le Conte Middle School,3,0.3,Hollywood Senior High School,6,1.3,,None,,,None,Driveway,347416,4351,2019/7/1,2100000,,,Los Angeles,90028,CA
81,3324 Marchese Ct,1050000,"6 Bedroom/ 2 Bathroom Home Remodeled in 2007 and currently used as a Care Facility.   Kitchen has Granite Counters, Dishwasher, Gas Oven/Range, Refrigerator, Microwave, Recessed Lighting and Tile Floors. Central Forced Air Heating and Air Conditioning.  Family room converted to 2 bedrooms.  Handicap Accessible. Easy Access to Freeways, Expressways, The New Apple Campus and many High Tech Companies.  Low Santa Clara Utilities.",SingleFamily,1960,"Forced air, Gas",Central,"Garage, Garage - Attached, Covered",6255,6,2,2,1605,1,1,Santa Clara,Briarwood Elementary School,7,0.7,Juan Cabrillo Middle School,6,1.2,Adrian Wilcox High School,7,0.2,"Tile, Laminate","Forced air, Gas",Central,"Dryer, Microwave, Range / Oven, Refrigerator, Washer",In Garage,"Garage, Garage - Attached, Covered",880935,10580,2017/12/8,1099950,2005/8/9,705000,Santa Clara,95051,CA
82,5114 Melrose Ave,927500,"Enjoy stunning views of the downtown skyline, Hollywood Sign & Griffith Park Observatory from this 2 bdrm + office/den, 2.5 bth state of the art       home built in 2014.  Conveniently located w/in walking distance of Larchmont Village, Miracle Mile, Paramount Studios & trendy restaurants & shops.  This home boasts an attached 2 car garage w/ electric car charger, double paned windows throughout, private office/den (w/eng hdwd firs) on its own level, powder rm & gourmet kitchen with stainless steel appliances & center island. Open flr plan kitchen, dining & lvg rms (all w/eng hdwd firs) allows easy entertaining. The master suite has a spa like bath & walk in closet while the private guest bdrm has an en suite bath. Enjoy CA weather from a   huge grass roof deck w/ projector, screen & several outdoor seating & dining areas. The home is wired for an alarm system & network ready. This is a detached end home w/no common walls in a gated community",SingleFamily,2014,Central,Central Air,Garage - Two Door,,2,3,2,1520,2,2,Los Angeles,Van Ness Avenue Elementary School,6,0.3,Joseph Le Conte Middle School,3,0.8,Fairfax Senior High School,7,3,"Carpet, Wood, Tile",Central,Central Air,"Dishwasher, Microwave, Refrigerator",Inside,Garage - Two Door,838486,10234,2019/10/25,949000,,,Los Angeles,90038,CA
83,828 N El Camino Real,584000,"Beautifully upgraded one bedroom condo situated within minutes of downtown Burlingame, CalTrain station and Highway 101.  Enjoy your privacy in this single story, spacious end unit with only one attached neighbor, located close to the elevator.  Featuring an open, bright, newly painted living area with warm designer colors, wood-style laminate & carpet flooring, crown moldings and plantation shutters.  Dining area/kitchen updates includes stainless steel appliances, granite countertops and backsplash.  Bathroom has new vanity/sink and fixtures.  This small 16-unit complex includes a sparkling swimming pool, spa, recreation room, laundry on-site, secured building access, dedicated secure parking space, and extra storage closet.  This condo is perfect to start out or downsizing or investing.

Its central location is uniquely convenient: you can walk to Caltrain, and downtown Burlingame shopping.",Condo,1974,"Electric, Baseboard",None,"Garage, Carport, Off-street, Covered",,1,1,1,776,1,1,San Mateo,San Mateo Park Elementary School,4,0.3,Borel Middle School,6,2,San Mateo High School,7,0.7,"Tile, Laminate, Carpet","Baseboard, Electric",None,"Dishwasher, Garbage disposal, Range / Oven, Refrigerator",Community Facility,"Garage, Carport, Off-street, Covered",561815,7522,2019/10/26,598000,2017/6/30,540000,San Mateo,94401,CA
84,1707 Almond Blossom Ln,1498000,"Here is your chance to rent for the first time a beautifully remodeled home in San Jose, 2 blocks away from Los Gatos with the following features...

- 4 bedrooms
- 2 bathrooms
- Remodeled kitchen featuring stainless steel appliances, granite counters, new cabinets, kitchen island, 
- new flooring, baseboards/crown molding, recessed lighting, ceiling fans
- 2 car garage
- copper plumbing
- fully upgraded in 2015, March. 
- Close to Netflix, Good Samaritan hospital, Noddin/Union middle school districts 
San Jose, 2 blocks away from Los Gatos. 

- Sorry no pets of any kind

- Minimum One (1) year lease
- NO Pets
- NO Smoking
- NO Section 8",SingleFamily,1959,"Forced air, Electric","Central, Wall","Garage, Garage - Attached, Covered",6777,4,2,2,1440,2,2,San Jose,Noddin Elementary School,7,0.4,Union Middle School,9,1.6,Leigh High School,8,0.9,"Tile, Hardwood","Forced air, Electric","Central, Wall","Dishwasher, Dryer, Freezer, Garbage disposal, Range / Oven, Refrigerator, Trash compactor, Washer",,"Garage, Garage - Attached, Covered",1320566,17880,2019/11/25,1488888,,,San Jose,95124,CA
85,300 3rd St APT 606,1142000,"Another Price Reduction.  A great opportunity to own One of the largest 2BD/2BA at Museum Parc located on the very quiet courtyard with views of the greenery. . Very large Master Bedroom area including 4 closets, a Master Bath with separate Bath and Stall Shower and a very large Bedroom. Completely separate from the 2nd Bedroom and Bath. The Living and Dining Area encompasses an unusually large area looking out the the courtyard. The new owner has a opportunity to create their own environment.",Condo,1990,Baseboard,,"Attached, Garage Door Opener, Side By Side, Side by Side, On Site - Lease Available (Condo Only)",,2,2,2,1387,1,1,San Francisco,Daniel Webster Elementary School,5,1.4,Lick (James) Middle School,3,3,Five Keys Independence High School (Sf Sheriff's),2,0.4,"Carpet, Tile",Baseboard,,"Dishwasher, Disposal, Range Hood, Microwave",Laundry Closet,"Attached, Garage Door Opener, Side By Side, Side by Side, On Site - Lease Available (Condo Only)",498875,6861,2019/9/7,1300000,1997/3/18,335000,San Francisco,94107,CA
86,2100 Old Calaveras Rd,3200000,"Great opourtunity to own this prestige home in the Milpitas hills overlooking fascinating views! Unique custom built home 5 bedroom 4.5 bath with 3 car garage then an added bounus with a detached ADU unit featuring 3 bed 2 baths wth 1,008 sq ft, with garage for the extended family or for rental option. Come and enter this gorgeous home walking up from the pathway to the front porch to a grand double door entry. Home features original hardwood floors throughout home and marble tiles on double staircase with Foyer, Bright Living area wih custom built shelves/cabinets with fireplace for relaxation, Modern kitchen with plenty of cabintry and stainless steel & balck appliances, Plenty of windows to add brightness to home, formal dining area, and bedroom have fireplace for those cozy nights! 4 master suites too!! & all bathrooms with marble tile flooring to add that elegant look, come take a look today to see this beauty for yourselves!",SingleFamily,2001,Forced Air,Central Air,Attached,696524.4,5,4,,4954,3,3,Milpitas,William Burnett Elementary School,6,0.8,Thomas Russell Middle School,9,2.1,Milpitas High School,9,2,Hardwood Flrs Throughout,Forced Air,Central Air,"Dishwasher, Double Oven, Disposal, Gas Range, Trash Compactor",Laundry Room,Attached,1895557,22560,2019/11/7,4888888,,,Milpitas,95035,CA
87,5307 Dahlia Dr,1235000,"Price Reduced! This well maintained mid-century traditional home is a rare find and has so much to offer! Located on one of the most desirable streets of Eagle Rock, same family ownership and first time on the market since 1962. Tremendous views with stunning sunsets, pristine hardwood floors, 2 wood burning fireplaces, lovely family room with knotty pine walls/ceilings. Lower level has and additional room that has been used as a 4th bdrm, may be ideal for a home office or studio. This home includes a separate workshop with a workbench and 220 wiring that is perfect for artists and hobbyists. Backyard has much seclusion and privacy, includes a lovely patio with rose garden, red brick decking, lush landscaping with mature fruit trees and an abundance of cactus, situated on a spacious lot that is nearly 1/3 of an acre. The lower portion of the lot includes a large level area that is excellent for vegetable garden, patio or recreation area. Freshly painted interior, new rain gutters and new carpeting on the lower level plus a new roof in 2018. Just a few blocks to Eagle Rock's renowned shops, galleries, restaurants and nightlife. Family trust sale.",SingleFamily,1940,"Forced Air, Natural Gas",Central Air,"Driveway, Garage, Concrete, Garage - Single Door",13286,3,3,2,1820,2,2,Los Angeles,Dahlia Heights Elementary School,6,0.3,,,,Eagle Rock High School,7,0.7,"Wood, Carpet, Vinyl, Tile","Forced Air, Natural Gas",Central Air,"Disposal, Refrigerator, Dishwasher",Laundry Room,"Driveway, Garage, Concrete, Garage - Single Door",97237,1444,2019/11/1,1425000,,,Los Angeles,90041,CA
88,1110 S Oxford Ave,8750000,"Presented for sale is a 6-parcel assemblage in prime Koreatown. With a combined parcel size of over 32,000 SF and R4-1VL (Tier 3 TOC) zoning, this site perfectly lends itself to be a prime development opportunity. Considering that up to around 140 units may be built with max densities, we believe this site suits itself to build max units, but smaller projects may pencil just as well. Around the corner from the Olympic and Western intersection, this site is walking distance to everything, including the Metro station at Wilshire and Western. Nightlife, restaurants, coffee shops and much more abound in this burgeoning Koreatown pocket. This is an assemblage of different sellers with a common goal to sell together as one transaction. Currently only four tenants on site; may be deliverable vacant. Addresses: 1110 Oxford Ave., 1116 Oxford Ave., 1118 Oxford Ave., 1124 Oxford Ave., 3122 11th St. and 3126 11th St.",VacantLand,1921,"None, Wall",None,"None, Covered",,,,,,,,Los Angeles,Los Angeles Elementary School,3,0.1,Pio Pico Middle School,5,0.7,West Adams Preparatory High School,4,1.3,,,,,,,940440,11598,2019/3/21,1400000,2018/4/10,900000,Los Angeles,90006,CA
89,19 Turquoise Way,2100000,"Mid-Century architecture in this 1965 build, 4 bed, 3 bath, 2 car garage home.You'll love the voluminous ceilings, generous-sized bedrooms, hardwood floors and fine appointments of this home.Situated on a large fenced corner lot, the home features a pleasant garden, Koi pond (with fountain), and the privacy of a gated front entry.This home features 3 updated bathrooms, an a newly refinished kitchen, 4 skylights, rich marble fireplace settings, and dramatic cathedral ceilings on the main living area.Two of the upstairs bedrooms feature outdoor decks, one that leads to the lush garden below.The spacious master suite on the lower level features a walk-in closet, corner fireplace and sliders to the expansive yard.",SingleFamily,1965,,,"Attached, Garage Door Opener, Interior Access, On Site (Single Family Only)",4312,4,3,3,2429,2,2,San Francisco,Rooftop Elementary School,6,0.6,,,,,,,"Carpet, Wood",,,,,"Attached, Garage Door Opener, Interior Access, On Site (Single Family Only)",973723,12460,2019/11/8,1799000,2003/10/3,749000,San Francisco,94131,CA
90,1817 California St APT 207,750000,"City Oasis in the Palm Royal! This Light-Filled Residence in Prime Pacific Heights Boasts Living Room/Dining Room Combination, Bay Windows, and Walk-Out Deck. There is One Spacious Bedroom, One Tastefully Remodeled Bath, Side-by-Side Garage Parking, and Storage. Attractively updated with New Painted Interior, New SS Appliances, and Newer Gray Quartz Countertops. Building Amenities Include Outdoor Heated Swimming Pool, Sauna, Landscaped Common Courtyard Next to Pool for Outdoor Relaxation, Common Coin Operated Laundry Room, Elevator.  Within Two Blocks: Whole Foods Market, Tech Shuttles Stops, Financial District Cable Car, Polk Street Shops and Restaurants. Lafayette Park and Fillmore St. are also nearby. Professionally Managed and Well-Run Complex with Low HOA Dues. Perfect Starter Home, Great for Downsizers, Investors, or Pied-A-Terre. Walk Score is 98!",Condo,1960,,,"Attached, Garage Door Opener, Independent, On Site",,1,1,1,537,1,1,San Francisco,Sherman Elementary School,7,0.5,,,,Gateway High School,7,0.9,"Carpet, Tile",,,"Dishwasher, Range Hood, Self Cleaning Oven",,"Attached, Garage Door Opener, Independent, On Site",741460,9638,2019/11/11,699000,2016/5/9,685000,San Francisco,94109,CA
91,1625 Brommer St SPC 29,370000,"A wonderful place to call home in Live Oak! So central on 17th and Brommer Streets with 3 bedrooms and 2 full bathrooms. VERY CLEAN and spacious with all new paint and all new floors throughout! A very well taken care, clean and quiet park while having close access to the beach, Simpkins pool, schools, the yacht harbor, gyms, cafes all within short distances. This is a family, park welcoming all ages!",MobileManufactured,1997,Central Forced Air,None,0 spaces,,3,2,2,1324,0,0,Santa Cruz,Live Oak Elementary School,7,0.3,Mission Hill Middle School,6,3.2,Harbor High School,7,1.1,Laminate,Forced air,None,,,,,,2019/7/13,449000,,,Santa Cruz,95062,CA
92,20342 Pierce Rd,2737500,"20342 Pierce Rd, Saratoga, CA 95070 is a single family home that contains 2,059 sq ft and was built in 1957. It contains 4 bedrooms and 2.5 bathrooms. This home last sold for $2,737,500 in January 2020. 
 
The Zestimate for this house is $2,942,501. The Rent Zestimate for this home is $6,194/mo.",SingleFamily,1957,Central Forced Air - Gas,Central AC,"Garage, Garage - Attached, Covered",13503.6,Master Suite / Retreat,,2,2059,2,2,Saratoga,Argonaut Elementary School,9,0.4,Redwood Middle School,9,1.4,Saratoga High School,10,1,"Tile, Hardwood","Forced air, Gas",Central,"Dishwasher, Dryer, Garbage disposal, Microwave, Refrigerator, Washer","Dryer, Washer, Gas Hookup, Inside, In Utility Room, Electricity Hookup (220V)","Garage, Garage - Attached, Covered",132610,2358,2019/10/21,2799000,2017/12/26,2160000,Saratoga,95070,CA
93,198 Calabria St,1244000,"Gorgeous Mediterranean-style home in exclusive cul de sac location. Tucked away at the end of a private driveway, with park-like grounds spread over 1/3 of an acre, serenity awaits. 4 bedrooms, including a spacious bedroom and full bath on the lower level. Floor plan provides room for everyone and everything with a formal entry, separate living room, dining room and open concept kitchen-family room design. Maple floors glisten with walnut inlay and natural light abounds. The updated chef's kitchen is an entertainers delight with granite counters, Viking range and walk in pantry. Master suite features an oversized bathroom with dual vanities, jetted tub and an ocean peek from the shower. Enjoy sun filled days relaxing in the zen of the large outdoor space. BBQ on your spacious deck or stroll through the oak-studded pathways, all while taking in the sights and sounds that nature provides. Located minutes to all the best Aptos has to offer, yet with the privacy and tranquility you crave.",SingleFamily,2000,Central Forced Air,Ceiling Fan,"Garage, Garage - Attached",14810.400000000001,"Ground Floor Bedroom, Master Suite / Retreat, Walk-in Closet",3,3,2727,0,0,Aptos,Mar Vista Elementary School,4,0.2,,,,Aptos High School,7,3.5,"Tile, Hardwood, Carpet, Travertine",Forced air,Central,"Dishwasher, Garbage disposal, Microwave, Range / Oven",Inside,"Garage, Garage - Attached",1225695,14276,2019/8/1,1349000,2015/9/4,1155000,Aptos,95003,CA
94,9929 Robbins Dr,3600000,"This prime Beverly Hills duplex, located on a quiet tree-lined street, has been owned, occupied and lovingly maintained by the same family for 47 years. It consists of 2 townhouse-style 2-story units which feel like single-family homes. The front unit has 3 bedrooms and 2 1/2 baths, while the rear unit has 4 bedrooms and 4 1/2 baths. Each bright and airy unit features a large living room with fireplace and beamed ceiling, formal dining room, spacious kitchen with breakfast area, laundry room and hardwood floors.  Enter the property through a gated, landscaped courtyard and exit through the rear yard to two 2-car side-by-side garages. Close to Beverly Hills High School and walking distance to Beverly Hills and Century City shops and restaurants.",Unknown,1930,Central,,"Detached Carport, Garage Door Opener, Private, Side By Side",,,,,,0,0,Beverly Hills,El Rodeo Elementary School,8,0.4,,,,Beverly Hills High School,9,0.2,,Central,,"Dishwasher, Disposal, Microwave, Refrigerator","Inside, Laundry Room","Detached Carport, Garage Door Opener, Private, Side By Side",879542,10741,2019/7/8,4195000,,,Beverly Hills,90212,CA
95,20 Barneson Ave APT B,1202000,"Lovely updated 2 Bed, 2.5 Bath Westside Townhome tucked away from the street in a 7-unit complex. Stunning full kitchen remodel with new stainless-steel appliances & Quartz countertops. NEW luxury vinyl plank floors on 1st floor & new carpet on stairs & top floor. NEW interior paint, hardware, lighting, 4"" baseboards on 1st floor.  2 Master Suites both with walk-in closets.  Main Master: high ceilings, private deck and fireplace!  Two Patios for private outdoor space. Beautifully maintained and ready when you are!  NEIGHBORHOOD: This complex is well maintained and includes a pool and patio area. 1 designated carport parking + open parking spaces on a first come first serve basis. Walk to Borel Square w/24-Hour Fitness, CVS, & dine at the famous Esposto's. 3 minutes to downtown & Central Park. Great schools: Baywood elementary, Borel Middle and Aragon High. COMMUTING: Close to public transportation.  Easy access to Hwy 92 with connections to 101 & 280 for all your commute directions.",Townhouse,1978,Wall Furnace,None,Carport,19602,"Walk-in Closet, Master Suite / Retreate - 2+",3,2,1400,0,0,San Mateo,Baywood Elementary School,6,0.9,Borel Middle School,6,0.4,Aragon High School,8,0.8,"Carpet, Other, Vinyl / Linoleum","Forced air, Gas",None,"Dishwasher, Freezer, Garbage disposal, Microwave, Range / Oven, Refrigerator","Upper Floor, Electricity Hookup (220V)",Carport,,,2019/11/29,950000,,,San Mateo,94402,CA
96,3410 Colonial Ave,1725000,"BRAND NEW HVAC AND REFINISHED HARDWOOD FLOORS! Mar Vista Beauty! Enjoy designer style and expansive space in this 3BD/2BA home in the heart of Mar Vista, north of Palms. Stunning curb appeal with fresh exterior paint.  Engineered hardwood floors, recessed lighting, updated bathrooms. Master bedroom has a huge walk-in closet and offers an ensuite with a tub and full shower. The Remodeled kitchen offers stainless steel appliances, a beautiful marble island and Caesar Stone countertops. Open Concept dining/living space offers plenty of natural light, crown moldings and is completely turn key. Entertainers dream! Walk out to your brand-new salt water pool with solar water heating. Enjoy a Sunday BBQ with all your friends and family with plenty of pockets for outdoor seating. A two-car garage completes the package and includes a work shop great for weekend projects. Not only are you minutes away from the beach but also close to Culver City, Abbott Kinney and The Mar Vista Farmers Markets. We welcome you to appreciate the aesthetics & design of this home.",SingleFamily,1945,Central,Central Air,Garage,6502,3,2,2,1552,2,2,Los Angeles,Walgrove Avenue Elementary School,4,0.8,Mark Twain Middle School and World Languages Magnet,4,0.9,Venice Senior High School,6,1,,Central,Central Air,"Dryer, Washer",Stackable,Garage,899123,11126,2019/12/3,1698900,,,Los Angeles,90066,CA
97,112 Clipper St,2207000,"FIXER alert, bring contractors and cosmetic visionaries - Welcome to 112 Clipper Street. Make it Your Life. Your Home. Your Way. In Your location. This is an opportunity to renovate a massive home on a flat lot near everything Noe Valley and a short jaunt to the Mission. Room to expand if you want bigger? Possibly, both neighbors went back, buyers to investigate. For the ones that love Noe Valley but don't love steep hills, for the visionary who desires the accessibility of public transportation but doesn't want the train tracks in front of their abode, for those that seek urban living with bucolic charm, for the dreamer who wants the exquisite opportunity to own and customize a large home, we present to you 112 Clipper. Add all of the modern touches to this home OR explore going bigger? Yes, yes, yes and allow your mind to wander and your dreams to come true.",SingleFamily,1900,,,"Independent, On Site (Single Family Only)",2848,5,3,3,2962,1,1,San Francisco,Alvarado Elementary School,7,0.7,Lick (James) Middle School,3,0.3,Mission High School,3,0.8,,,,,,"Independent, On Site (Single Family Only)",2149140,26547,2019/11/15,1995000,2018/8/29,2107000,San Francisco,94114,CA
98,3337 Thompson Ave,1160000,"Beautiful Cambrian single level ranch style home located just outside Willow Glen nestled on a quiet street in a tight neighborhood minutes from everything Silicon Valley. This home boasts both formal and informal entertaining spaces along; large kitchen with breakfast bar, inside laundry/ utility room, additional half bath, wood burning fireplace in family room, Central AC and more.  Hardwood floors throughout most of home and almost entire home has new copper plumbing. Excellent size bedrooms which all face the back of the home for privacy. Wonderful opportunity to purchase well cared for long time family home.  Lush lawn in both front and back of property and upgraded with tile roof! Reed elementary, do not miss this opportunity.",SingleFamily,1960,Central Forced Air - Gas,"Ceiling Fan, Central AC","Garage, Garage - Attached, Covered",6865,Master Bedroom on Ground Floor,3,2,1695,2,2,San Jose,Reed Elementary School,6,0.3,John Muir Middle School,5,1,Pioneer High School,7,1.6,"Tile, Hardwood, Carpet","Forced air, Gas",Central,"Garbage disposal, Range / Oven, Refrigerator","Inside, In Utility Room","Garage, Garage - Attached, Covered",86136,2322,2019/12/5,999000,,,San Jose,95118,CA
99,1125 E 88th Pl,549000,"Beautiful duplex, well maintained. Great opportunity to own income producing property in the City of Los Angeles.  One unit consist of three bedrooms and one bathroom, and the other unit consist of two bedrooms and one bathroom. Detached garage.",Unknown,1941,Wall Furnace,None,Garage,,,,,1641,2,2,Los Angeles,Russell Elementary School,5,0.3,Charles Drew Middle School,1,0.5,,,,,Wall Furnace,None,,None,Garage,326166,5227,2019/11/11,549675,2012/5/9,284000,Los Angeles,90002,CA
100,410 N Kenmore Ave,1050000,"We are pleased to present this rear opportunity property in very desired arear near Downtown Los Angeles, the property consists of two units, the main house is 3bedrooms and 1 bathroom, and the rear house is 1 bedroom and on bathroom. Both unit are in moving conditions and will be delivered vacant.  Also this rare development opportunity is comprised of 6,211 square feet of land zoned LAR3.",Unknown,1920,Floor Furnace,None,Garage,,,,,2080,1,1,Los Angeles,Alexandria Avenue Elementary School,4,0.2,Virgil Middle School,5,0.4,Belmont Senior High School,3,2.3,"Tile, Wood",Floor Furnace,None,Water Heater,None,Garage,230062,3026,2019/11/11,1100000,1996/7/10,154500,Los Angeles,90004,CA
101,3901 Lick Mill Blvd APT 152,780000,"Remodeled 1st floor end-unit condo w/ over $65k in upgrades in great location! Private & modern 2BD/1BA steps from pool, bbq station, gym, & clubhouse with a spacious patio with no rear-facing neighbors. Less than 2-year old remodel - all work permitted. Bamboo flooring in living room and bedrooms and porcelain tile in the kitchen, bathroom, and laundry area. 2nd bedroom has custom built sliding barn door by Statuswood. Kitchen has GE stainless steel appliances, a 9"" Blanco stainless steel sink, 3/4in quartz countertops, subway tile backsplash, and Hansgrohe faucet. Bath has sliding glass walk-in shower w/ venetian tiles & pebble floor, fluid rain shower head and handheld, Porcelanosa vanity mirror, a Toto porcelain sink, a Kohler sensor toilet bowl, and heated floors. Nest thermostat & CO2 detector, 1-touch light switches with dimmers, recessed LED lighting, and pre-wired surround sound in living room. 1 block from the Rivermark Plaza. Steps away from the curbside Google bus stop!",Condo,2005,Central Forced Air,Central AC,Garage,,2,1,1,865,0,0,Santa Clara,Montague Elementary School,4,0.5,Buchser Middle School,5,3.2,Santa Clara High School,6,4,"Tile, Hardwood","None, Forced air",Central,"Dishwasher, Dryer, Garbage disposal, Microwave, Range / Oven, Refrigerator, Washer",Washer / Dryer,Garage,472906,5631,2019/11/13,799000,2013/6/7,420000,Santa Clara,95054,CA
102,68205 Dafino Ln,625000,"Pedro's House

It's awesome.",SingleFamily,1980,Central Forced Air - Gas,Central AC,Garage - Attached,435600,3,2,2,1800,0,0,Lockwood,San Antonio Elementary School,4,1.1,,,,King City High School,4,17.2,"Tile, Wood","Forced air, Electric",Central,"Dryer, Freezer, Garbage disposal, Microwave, Range / Oven, Refrigerator, Washer",Inside,Garage - Attached,273482,2990,2019/9/20,679000,1994/4/22,176000,Lockwood,93932,CA
103,9316 Grape St,363000,"Recently Remodeled Home... Features include:  2 Bedrooms / 2 Bathrooms, All new Plumbing, Electrical, and Roof, Beautiful kitchen with granite counter tops, updated bathrooms, Laminated flooring in Living room, Kitchen, and Baths, New Carpet in Bedrooms. Alarm on property, Freshly painted interior and exterior. Front/rear uncovered driveway parking.  This is a must see!",SingleFamily,1924,,None,,4500,2,2,2,622,0,0,Los Angeles,Ninety-Second Street Elementary School,4,0.1,Charles Drew Middle School,1,0.9,,,,,,None,Microwave,None,,210920,2878,2019/1/18,200000,2019/1/31,201000,Los Angeles,90002,CA
104,257 S Spalding Dr,3225000,"REDUCED!  Priced to sell.  Beautiful remodeled duplex in prime Beverly Hills. The property is immediately adjacent to Beverly Hills High School, Roxbury Park, The Peninsula Hotel & Rodeo Drive. Upper Unit, w/3Br+2.5Ba, large living rm w/fireplace, formal dining room, eat-in kitchen, & laundry rm w/washer & dryer. Generous master suite & 2 additional good-sized bedrooms. Unit will be delivered vacant. Downstairs Unit, has a grand entry, large living room w/fireplace, formal dining room & 2 master suites. Gourmet eat-in kitchen w/Sub Zero, & granite counters. Hardwood floors, central A/C. Each Unit has a 2-car garage & private outdoor area. Beverly Hills Unified School District.",Unknown,1930,"Central, Natural Gas","Central Air, Dual","Detached Carport, Garage",,,,,,4,4,Beverly Hills,El Rodeo Elementary School,8,0.5,,,,Beverly Hills High School,9,0.2,Wood,"Central, Natural Gas","Central Air, Dual","Dishwasher, Disposal, Refrigerator",Laundry Room,"Detached Carport, Garage",2454792,29525,2019/9/25,3645000,,,Beverly Hills,90212,CA
105,887 Elm St,2710000,"New construction, craftsman style home in desirable location within walking distance to downtown San Carlos. 4 bedroom 4.5 bath, 2540 square feet home nicely appointed with high-end finishes. Kitchen features a large Island with farm sink and high-end Italian appliances. Hardwood floors thru-out (except baths).  Two Master bedroom -one downstairs and one upstairs. 470 sq foot garage (not included in home square footage).  Open house Sunday, Nov 24th 1:00 to 4:00",SingleFamily,2019,Central Forced Air - Gas,"Multi-Zone, Central AC",Garage - Attached,5005,"Master Bedroom on Ground Floor, Walk-in Closet, More than One Master Bedroom",5,4,2540,0,0,San Carlos,Brittan Acres Elementary School,9,0.6,Central Middle School,9,0.2,Sequoia High School,6,1.7,"Tile, Hardwood, Stone","Forced air, Gas",Central,"Dishwasher, Garbage disposal, Microwave, Range / Oven, Refrigerator","Gas Hookup, Inside, In Utility Room, Electricity Hookup (220V), Electricity Hookup (110V)",Garage - Attached,,,2019/11/21,2735000,,,San Carlos,94070,CA
106,2117 W 77th St,500000,"Charming 2 bed 2 bath Spanish style home with great curb appeals and in move-in condition located just few minutes away to the Forum, Future LA Rams stadium, Parks, Schools, Museums, and many more.  Floor plan includes living room, formal dining room, breakfast nook, bonus room, laundry room, front porch, and detached garage.  Beautiful landscaped backyard is great for sit and relax or entertain friends and family.",SingleFamily,1924,,None,Garage,6705,2,2,2,1172,2,2,Los Angeles,Seventy-Fourth Street Elementary School,3,0.1,,,,George Washington Preparatory High School,2,2.2,,,None,,Laundry Room,Garage,48578,783,2019/10/15,525000,,,Los Angeles,90047,CA
107,11753 Wetherby Ln,3500000,"An exceptional opportunity to build in the highly desirable gated community of Bel Air Crest. An extremely rare, all flat lot just under half an acre. Comes with fully approved plans and paid permits for a Modern Santa Barbara style home. Open floor plan includes a library, media room, game room, 3 car garage, and very spacious and private back yard with views of the surrounding mountains. Sellers are reputable developers and will build to suit for interested end users as well. Plans available for review upon request.",SingleFamily,2019,,Central Air,Garage - Attached,18438,5,6,5,7600,3,3,Los Angeles,Roscomare Road Elementary School,9,1,,,,University Senior High School Charter,6,4.2,,,Central Air,,Laundry Room,Garage - Attached,2080800,25098,2017/9/8,4300000,2018/2/22,2000000,Los Angeles,90077,CA
108,179 Carnation Dr,107500,"Wonderful opportunity for a 3 bedroom, 2 full bath townhome with a one car garage and two reserved parking spaces directly next to the unit for an affordable price! This single level corner lot home features a nice size living room, upgraded kitchen with newer cabinets and countertops, large garage with washer and dryer hook ups, and an oversized fenced yard for kids to play and parties to be held. It doesn??EUR(tm)t get more convenient than this as most shopping including Safeway, Kmart, Big Lots, Ace Hardware, the Post Office, and Starbucks is only approximately 5 minutes away. Great investment opportunity as there is nothing on the market right now for this price that offers this much value!",Townhouse,1979,Forced air,None,"Garage, Garage - Attached",1089,3,2,2,912,0,0,Freedom,Freedom Elementary School,4,0.8,Cesar E. Chavez Middle School,2,1,Pajaro Valley High School,3,2,"Carpet, Linoleum / Vinyl",Forced air,None,"Dishwasher, Garbage disposal, Range / Oven",In Garage,"Garage, Garage - Attached",354960,4250,2017/6/18,348000,2017/8/3,348000,Freedom,95019,CA
109,2122 Union St,922500,"This charming nautical themed 1,290 sq. ft.  1BD/1BA with bonus room home is situated in the center of Cow Hollow's Union Street Neighborhood.   Everything is at your fingertips with a walkscore of 99 out of 100.  Access to public transportation and tech buses along with many restaurants and shops outside your front door.  Steps away from Moscone Recreation Center, Marina Green and Fort Mason.    The condo is on the top floor of a three unit mixed use Victorian building built in the 1900's. Rebuilt in 2004 with steel beam reinforcement, it is not located on a liquefaction zone.    All wood interior with Brazilian Cherrywood floors and skylights.  Galley kitchen and in unit washer/dryer.    The residence has two decks, one private deck located on the third floor with views of Bay and a shared back patio on the second floor for entertaining.    Definitely a true San Francisco experience!",Condo,1900,Gas,,None,,1,1,1,1290,0,0,San Francisco,Sherman Elementary School,7,0.5,Marina Middle School,6,0.3,Galileo High School,8,0.8,Wood,Gas,,"Dishwasher, Disposal",Laundry Closet,None,114925,2167,2019/9/6,1185000,,,San Francisco,94123,CA
110,1862 Echo Park Ave,950000,"1862 Echo Park Ave, Los Angeles, CA 90026 is a single family home that contains 1,248 sq ft and was built in 1912. It contains 3 bedrooms and 1 bathroom. This home last sold for $950,000 in January 2020. 
 
The Zestimate for this house is $1,115,184. The Rent Zestimate for this home is $3,450/mo.",SingleFamily,1912,Wall,None,"Garage, Covered",5488,3,1,1,1248,1,1,Los Angeles,,,,Thomas Starr King Middle School,6,1.9,Belmont Senior High School,3,1.6,,Wall,None,,"Gas Dryer Hookup, Washer Hookup","Garage, Covered",40517,648,2019/9/18,1050000,,,Los Angeles,90026,CA
111,2819 Toyon Dr,2300000,"Cupertino Schools!  Laurel Park two story home (2362 sq.ft.) on 7917 sq.ft. lot.  Gracious two door entry welcomes you to this beautiful home.  Den/office on first floor could be ground floor fifth bedroom.  Remodeled kitchen with quartz counter tops and garden window over looking the extensively landscaped backyard.  Living room dining room combo (13x26).  Family room with fireplace (18x16.75).  The large backyard is accessed from the family room onto the new redwood deck, perfect for entertaining.  Dual paned windows.  Recessed lighting.  Inside laundry room with half bath.  Pantry.  Two zone heating and air conditioning.  Top Cupertino Schools, Eisenhower Elem, Hyde Middle and Cupertino High School.   Short distance from the Forest Park Cabana Club and Maywood Park.  Easy access to all Tech Centers, major freeways, restaurants, entertainment and Valley Faire shopping.",SingleFamily,1975,"Forced Air, Heating - 2+ Zones, Central Forced Air - Gas","Multi-Zone, Central AC","Garage, Garage - Attached, Covered",7914,Ground Floor Bedroom,3,2,2362,2,2,Santa Clara,Dwight D. Eisenhower Elementary School,7,0.8,Warren E. Hyde Middle School,7,2.5,Cupertino High School,9,2.2,"Laminate, Carpet, Vinyl / Linoleum","Forced air, Gas",Central,"Dryer, Garbage disposal, Microwave, Refrigerator, Washer","Washer / Dryer, Inside, In Utility Room, Electricity Hookup (220V)","Garage, Garage - Attached, Covered",676899,8353,2019/12/5,2195000,,,Santa Clara,95051,CA
112,9515 Croesus Ave,345000,BACK ON THE MARKET!!! PRICE TO SELL! PERFECT FOR A FIRST TIME BUYER!!! (NO INVESTORS WITH LOW OFFERS PLEASE!!!)   HOUSE NEEDS SOME TLC BUT HAS A LOT OF POTENTIAL!!!   LOCATED ON A QUIET STREET AND CONVENIENTLY LOCATED IN THE L.A AREA!,SingleFamily,1959,,None,Garage - Attached,3376,3,2,1,910,1,1,Los Angeles,Ninety-Second Street Elementary School,4,0.2,Charles Drew Middle School,1,1.1,,,,,,None,,"Laundry Room, Outside",Garage - Attached,233739,3078,2019/10/7,329900,,,Los Angeles,90002,CA
113,1069 Saginaw Ter UNIT 102,965000,.,Apartment,2008,"Forced air, Gas",Other,"Garage, Garage - Attached, Covered",,2,2,2,1028,1,1,Sunnyvale,Lakewood Elementary School,4,0.6,Columbia Middle School,3,0.6,Fremont High School,7,3.2,"Carpet, Hardwood","Forced air, Gas",Other,"Dishwasher, Dryer, Freezer, Microwave, Range / Oven, Refrigerator, Washer",In Unit,"Garage, Garage - Attached, Covered",656561,7879,2019/11/6,999000,2013/8/13,586000,Sunnyvale,94089,CA
114,1550 S Bernardo Ave,1500000,"1550 S Bernardo Ave, Sunnyvale, CA 94087 is a single family home that contains 1,435 sq ft and was built in 1956. It contains 3 bedrooms and 2 bathrooms. This home last sold for $1,500,000 in January 2020. 
 
The Zestimate for this house is $1,612,329. The Rent Zestimate for this home is $3,800/mo.",SingleFamily,1956,"Natural Gas, Central","Electric, Wall/Window Unit(s)","Garage, Garage - Attached, Covered",8354,3,2,2,1435,2,2,Sunnyvale,West Valley Elementary School,9,0.2,Cupertino Middle School,8,0.2,Homestead High School,8,0.7,Wood,"Other, Electric, Gas",Wall,"Dishwasher, Range / Oven",In Garage,"Garage, Garage - Attached, Covered",315241,4190,2019/10/8,1625000,,,Sunnyvale,94087,CA
115,447 Independence Dr,795000,"Beautiful single story home located in a highly desirable neighborhood. This 3 bedroom / 2 bath home offers an open floor plan with over 1,900sqft of living space on a 5,900sqft lot.  This home has a variety of desirable features including: Large family room, eat in kithcen, breakfast bar, formal dining room, formal living room with a woodburning fireplace. Conveniently located within close proximiy to Schools, Happy hollow zoo, Santa clara fairgrounds, Costco, Los lagos golf course, Plant shopping center and easy acess to Highways 101 & 87. Home also features a large driveway whcih can easily fit 4 vehicles or an RV.  Save tons of money on your electricity bill with the newly installed solar panels (2017)",SingleFamily,1962,Central Forced Air,Central AC,"Garage, Garage - Attached",5941,3,2,2,1927,0,0,San Jose,Captain Jason M. Dahl Elementary School,3,0.4,Sylvandale Middle School,3,1,Andrew P. Hill High School,4,0.5,,Forced air,Central,,,"Garage, Garage - Attached",150916,3199,2019/12/5,749000,,,San Jose,95111,CA
116,1116 S Oxford Ave,8750000,Clean and ready to move in . Great LOcation Near Western and Olympic .    Spacious Rooms with Front Yard and Gated for Security.   For more properties like this visit GoSection8.com.,SingleFamily,1924,Wall,Wall,"Carport, Garage - Detached, Covered",5466,2,2,,1650,4,4,Los Angeles,Los Angeles Elementary School,3,0.1,Pio Pico Middle School,5,0.7,West Adams Preparatory High School,4,1.3,,Wall,Wall,"Garbage disposal, Refrigerator",,"Carport, Garage - Detached, Covered",1326510,16249,2018/5/3,1450000,2018/5/31,1275000,Los Angeles,90006,CA
117,197 Sequoia Grv,699000,"197 Sequoia Grv, Ben Lomond, CA 95005 is a single family home that contains 1,875 sq ft and was built in 1963. It contains 2 bedrooms and 2 bathrooms. This home last sold for $699,000 in January 2020. 
 
The Zestimate for this house is $877,414. The Rent Zestimate for this home is $2,900/mo.",SingleFamily,1963,Central Forced Air,Ceiling Fan,"Garage, Garage - Detached, Covered",87120,"Ground Floor Bedroom, Master Bedroom on Ground Floor",2,2,1875,4,4,Ben Lomond,Boulder Creek Elementary School,6,1.5,San Lorenzo Valley Middle School,5,3.1,San Lorenzo Valley High School,8,3.3,"Hardwood, Carpet, Vinyl / Linoleum","Forced air, Propane / Butane",None,"Dishwasher, Dryer, Garbage disposal, Microwave, Range / Oven, Refrigerator, Washer",Inside,"Garage, Garage - Detached, Covered",475392,5388,2019/9/9,749900,,,Ben Lomond,95005,CA
118,1100 Alta Loma Rd APT 1702,2175000,"When only the finest in life will do, this premium top-floor penthouse exceeds your demands in every way imaginable. Crowning the exclusive Empire West tower-one of the most esteemed addresses within West Hollywood-the newly upgraded penthouse welcomes unobstructed views of the world-famous Hollywood Hills & the legendary Sunset Strip from both ensuite bedrooms & their private terraces, w/ 10' ceilings throughout, & a 200-square-foot terrace off the living room. The chic residence is on-trend, with a magazine-ready kitchen and both baths revealing new high-end finishes, including newly refinished wood floors and new Fleetwood sliding-glass doors that frame views and maximize sound-proofing. This grand penthouse provides enviable access to Empire West's exclusive selection of amenities, including 24-hour concierge service, valet service, 24/7 security, a fitness center & tennis court. When its remodel is complete, the building's rooftop will showcase a new pool, rec room & private park.",Condo,1964,Central,Central Air,"Assigned, Controlled Entrance, Direct Access, Garage - Two Door, Guest, Private, Side By Side, Valet",,2,2,2,1607,0,0,West Hollywood,West Hollywood Elementary School,9,0.6,Hubert Howe Bancroft Middle School,3,2.5,Fairfax Senior High School,7,1.2,"Carpet, Wood",Central,Central Air,"Dishwasher, Disposal, Microwave, Refrigerator",,"Assigned, Controlled Entrance, Direct Access, Garage - Two Door, Guest, Private, Side By Side, Valet",957417,11756,2019/9/12,2477000,2013/1/4,850500,West Hollywood,90069,CA
119,3363 El Sobrante St,1975000,"Sun-filled, move-in ready 3BD/2BA Laurelwood oasis with serene living spaces and fantastic drought-tolerant landscaping. A handsome stone walkway and dramatic atrium welcome you, nodding to the great style and impressive outdoor space to be found throughout this special home. In the open living room, a stately stone fireplace anchors the space while stunning garden views extend from here into the corner dining area. Chefs will adore the roomy kitchen where rows of custom cabinets and granite countertops.  The master suite includes two closets and an en suite bath; Pavers and a covered pergola create a lovely outdoor living room in the huge backyard. Located near Laurelwood Park and Sugarloaf Mountain, top-ranked schools, and the Laurelwood Shopping Center.",SingleFamily,1965,Central Forced Air,None,"Garage, Garage - Attached",6899,3,2,2,2100,0,0,San Mateo,Highlands Elementary School,5,1.5,Abbott Middle School,4,1.1,Hillsdale High School,7,0.9,"Tile, Hardwood",Forced air,None,,,"Garage, Garage - Attached",941292,11852,2019/5/29,1998000,2003/3/21,725000,San Mateo,94403,CA
120,7909 Fremont Ave,316000,"Capture the pure beauty of this serene and private, river front property. Located on a private road one quarter of a mile from Highway 9, central to Felton and Ben Lomond. Park-like 1/3 Acre with 3 decks overlooking the river & a custom styled carport...This is an Artist's home with many unique custom touches throughout. Including a Basement Workshop w/two small adjacent rooms, plus detached wood shop & garden center.<br/><br/>Brokered And Advertised By: Help-U-Sell Scotts Valley<br/>Listing Agent: Gary Nickerson",SingleFamily,1947,,,0 spaces,14810.400000000001,3,1,,1144,0,0,Ben Lomond,San Lorenzo Valley Elementary School,8,0.5,San Lorenzo Valley Middle School,5,0.5,San Lorenzo Valley High School,8,0.6,,,,,,,231650,2738,2010/9/4,479000,,,Ben Lomond,95005,CA
121,1842 Tioga Way,1111500,"Just in time for Christmas is this amazing remodeled three bedroom, two bathroom home on a classic tree lined Cambrian street. This home has been remodeled from top to bottom and features: wide open floor plan centered around the new kitchen with two tone cabinetry and quartz countertops, new vinyl windows, two new bathrooms, new main electrical panel, new composition shingle roof, landscaping, new cement driveway and hardscaping, new waterproof wide plank flooring, interior paint and texture, exterior paint, new HVAC and copper plumbing. Additionally the schools are terrific including award winning Bagby Elementary School just across the street.",SingleFamily,1955,Central Forced Air,Central AC,"Garage, Garage - Attached, Covered",5532,3,2,2,1066,2,2,San Jose,Bagby Elementary School,6,0.2,Price Charter Middle School,7,0.4,Branham High School,8,1.8,Laminate,Forced air,Central,,,"Garage, Garage - Attached, Covered",905000,12290,2019/12/18,1049000,2019/8/21,905000,San Jose,95124,CA
122,1711 32nd Ave,1300000,"Welcome to this English tunnel entrance 3 bedrooms 2 baths with Ocean View home located in Central Sunset.  Upstairs consists of two good sized bedrooms with views, a full bath, living room with fireplace, a formal dining room, and a kitchen that open up to the living room.  Downstairs consists of legal bedroom, a bathroom, and a family room.  One car garage and two car side by side driveway parking. Double pane windows & hardwood floor throughout.  Close proximity to Safeway Market, Noriega Asian Markets, banking, restaurants, schools, and easy access to public transportation.",SingleFamily,1941,Central,,"Independent, On Site (Single Family Only)",1750,3,2,2,1650,1,1,San Francisco,Lawton Alternative Elementary School,9,0.2,,,,Lincoln (Abraham) High School,7,0.8,Wood,Central,,,,"Independent, On Site (Single Family Only)",1008869,12747,2020/1/1,1195000,2007/7/18,840000,San Francisco,94122,CA
123,4738 Live Oak St,750000,"Back in the market at reduced price!  Great home for investors looking for a  redevelopment opportunity or a large family looking for a home to enjoy summer cook outs for fun and entertaiment in a huge yard with lots of matured trees. Beautiful two-stories 4br/2ba home ready to move-in, 1,906 SqFt, 20,820 SqFt Lot, 54X382. High Density Residential Zone (HDR) provides for higher density, build up to 7 residential towhhouse units on site, as per city maximum permitted density is 40 units per acre, buyer to check with City of Cudahy to conduct their own independent investigation to determine highest best use of land and new plan developments in the area, a great opportunity for the savvy, long term hold investor!....Situated in a family-friendly neighborhood near parks, schools, and shooping area, this home is sure to go fast! It∏MŸ¸ hard to list all the indoor and outdoor features and endless possibilities of this beautiful home. Hurry, wont last, schedule a tour today!",SingleFamily,1948,,None,Garage - Attached,20820,4,2,2,1906,2,2,Cudahy,Jaime Escalante Elementary School,4,0.4,,,,Bell Senior High School,5,0.6,"Carpet, Tile",,None,Water Heater,"Gas & Electric Dryer Hookup, Laundry Room",Garage - Attached,239711,3774,2019/10/4,899500,,,Bell Gardens,90201,CA
124,1914 Selby Ave APT 101,835000,"Beautiful chic designer 2 bed/2.5 ba + den 2nd-floor unit w/ updates thruout in smaller 8-unit building. Living room w/ 2 largesliding glass doors w/ step out balcony filling room with natural light, fireplace & wet bar. Dining area with soffit ceiling opens to kitchen w/granite countertops and new s/s appliances including gas range/oven. Den w/ built-ins & powder rm w/ newly installed vanity & lighting.Spacious 2nd bedroom w/ large closet and large master suite w/ door to back balcony & master bathroom w/ dual basins & separate bath& shower. Features include dark hardwood flooring, plantation shutters in living & dining room, newly installed Central ac/heat, laundry inunit,newly painted interior, newer lighting fixtures & newer carpet in bedrooms. Pets ok, 2-secured tandem parking & EQ insurance included.Close proximity to Westwood Charter School, Westwood Blvd retail, coffee shops & restaurants, UCLA, Westfield Century City Mall & thefuture Google Campus. Move-in ready!",Condo,1989,Central,Central Air,0 spaces,,2,3,2,1535,0,0,Los Angeles,Westwood Charter Elementary School,9,0.2,,,,University Senior High School Charter,6,1.8,"Carpet, Wood",Central,Central Air,"Dishwasher, Refrigerator, Washer, Dryer",,,666855,8158,2019/10/31,879000,2009/10/2,565500,Los Angeles,90025,CA
125,3307 Estrada St,1171980,"THE NEW CONSTRUCTION EXPERTS are Pleased to present THIS BRAND NEW CONSTRUCTION in PRIME Boyle Heights. Comprised of a SINGLE FAMILY home in the front and a DUPLEX in the back. Property should be completed within the next two weeks.( Seller will provide Certificate of Occupancy prior to close of escrow ) Think of the possibilities of owning a brand new building in a great family neighborhood. Separately metered. Broker/Agent does not guarantee accuracy of square footage, lot size, zoning, rent control, permits, use code, schools and/or other information concerning the conditions or features of the property provided by the seller or obtained from public records or other sources. Buyer is advised to independently verify the accuracy of all information through personal inspection and with appropriate professionals.",Unknown,2019,Central,Central Air,Attached Carport,,,,,,0,0,Los Angeles,Christopher Dena Elementary School,4,0.3,Robert Louis Stevenson Middle School,3,0.9,Theodore Roosevelt Senior High,3,1.1,,Central,Central Air,Disposal,,Attached Carport,792780,9987,2019/9/6,1149000,,,Los Angeles,90023,CA
126,121 Park Bolton Pl,1170000,"121 Park Bolton Pl, San Jose, CA 95136 is a single family home that contains 2,563 sq ft and was built in 1980. It contains 5 bedrooms and 3 bathrooms. This home last sold for $1,170,000 in January 2020. 
 
The Zestimate for this house is $1,257,617. The Rent Zestimate for this home is $3,950/mo.",SingleFamily,1980,"Forced air, Gas",Other,"Garage, Garage - Detached, Off-street, Covered",10654,5,3,,2563,2,2,San Jose,Hayes Elementary School,5,0.5,,,,Andrew P. Hill High School,4,1.4,Hardwood,"Forced air, Gas",Other,"Dryer, Washer",In Unit,"Garage, Garage - Detached, Off-street, Covered",950000,13901,2019/11/8,1198000,2019/9/9,950000,San Jose,95136,CA
127,721 Batista Dr,107500,"Tuscany Hills gem, 2 bedrooms, 2 full bathrooms, 2 car garage, only 5 years old. Granite countertops, great layout and perfect Communications Hill location, close to everything. Dual paned windows, walk in closet, upgraded carpet and so much more. This one wont last<br/><br/>Brokered And Advertised By: Sereno Group<br/>Listing Agent: Lila Kazemi",Condo,2005,"Forced air, Gas",Central,"Garage, Garage - Attached, Covered",,2,2,,1104,2,2,San Jose,"Shirakawa (George, Sr.) Elementary School",5,2,,,,Andrew P. Hill High School,4,2,"Tile, Carpet, Hardwood","Forced air, Gas",Central,"Dishwasher, Garbage disposal, Microwave, Range / Oven",,"Garage, Garage - Attached, Covered",374868,6333,2010/10/24,354900,2011/1/14,320000,San Jose,95136,CA
128,2450 Ross Rd,2960000,"Amazing opportunity in a gorgeous and desired neighborhood in Palo Alto! Come and see this charming 4 bedroom 2.5 bathroom family home. Situated in the heart of Midtown, and one of the top school districts in the California, this home is perfect for families looking for an extra room or those buying their first house This wonderful home features a great layout and room concept, over-sized bedrooms, vaulted ceilings, and a covered side yard patio. With a large living/dining area this home is perfect for entertaining as well as hosting family gatherings. You'll also enjoy countless summer evenings BBQing in the large back patio area. This amazing home is also within walking distance of many stores, coffee shops, restaurants, local parks, and an ice skating rink! With easy freeway access, you are a stones throw from everything the Bay Area has to offer including big cities, airports, theme parks, professional sporting events and much more. Don't miss out on making this home yours today!",SingleFamily,1948,Radiant Floor,Ceiling Fan(s),"Garage, Garage - Attached, Covered",7501,4,3,2,2494,1,1,Palo Alto,El Carmelo Elementary School,8,0.8,Jane Lathrop Stanford Middle School,9,1.2,Palo Alto High School,9,1.7,"Wood, Carpet, Tile, Linoleum/Vinyl","Radiant, Electric, Gas",None,"Dishwasher, Garbage disposal, Range / Oven, Trash compactor","Gas Hook-up, Sink, cabinets, Inside Room","Garage, Garage - Attached, Covered",626813,8252,2019/10/27,2800000,,,Palo Alto,94303,CA
129,90 Brodin Ln,729000,"Located @ the center of the Corralitos Wine Trail, in the very heart of wonderful Corralitos village,1 block to the Market, Aldridge Park & Cultural Center this 3 bedroom, 2 bath, on a spacious 7,667 sq ft parcel is the answer to all your needs! The floorplan has  2 ample bedrooms/1 bath on 1 side of living area & an ADA 1 bedroom & bath on other! Great layout for extended family, teenagers, home office or perhaps extra income to assist in paying the mortgage! This home is nestled @ the end of Brodin Lane a 2 block long street w/no through traffic- truly a sunny, peaceful & serene neighborhood! Upgrades in the recent past include dual pane vinyl windows; granite counters in kitchen & bath and a terrific gas fireplace. Other features include: new carpet; well groomed private backyard w/ storage sheds; paved dog kennel; laundry/mud room & located w/in the boundaries of Bradley School, Aptos Jr. & Aptos High School, Corralitos at it's finest- 1st time on the market don't miss this gem!",SingleFamily,1967,"Gas, Fireplace",Other,0 spaces,7666,More than One Bedroom on Ground Floor,2,2,1300,0,0,Watsonville,Bradley Elementary School,4,0.8,,,,Aptos High School,7,3.3,"Carpet, Vinyl / Linoleum","Wall, Gas",Other,"Dishwasher, Range / Oven","Tub / Sink, Inside, In Utility Room",,186080,2430,2019/9/17,749000,,,Watsonville,95076,CA
130,401 Oak Ct,3500000,"This quintessential Cape Cod style home is located on a tranquil, 16,200+/- sq ft, cul-de-sac lot. Just inside the formal entry, discover the generously proportioned living room & dining room. The fluid floor plan effortlessly flows to a bright, gourmet kitchen & comfortable family room, the perfect destination for everyday living. A main level 4th bedroom, with adjacent bath, is as an ideal guest room or home office. The upper level includes two charming children's rooms sharing a spacious hall bath w/ double sinks. The master suite is a true retreat with a lavish bath, walk-in closet & private balcony overlooking the rear grounds. The backyard presents the ultimate destination for outdoor entertaining & play with a large brick patio, lush lawn & mature trees. Nestled in the perfect Willows location for a stroll to nearby Cafe Zoe, the property enjoys convenient proximity to Palo Alto, commuter routes, Stanford & leading tech campuses including Facebook. Top Menlo Park schools.",SingleFamily,1941,Central Forced Air - Gas,Ceiling Fan,"Garage, Garage - Attached",16117.199999999999,"Ground Floor Bedroom, Master Suite / Retreat, Walk-in Closet",3,3,3010,0,0,Menlo Park,Laurel Elementary School,8,0.1,Hillview Middle School,8,3.1,Menlo-Atherton High School,7,1.7,"Tile, Hardwood, Carpet","Forced air, Gas",None,"Dishwasher, Garbage disposal, Microwave, Refrigerator","Upper Floor, Inside","Garage, Garage - Attached",930312,12119,2019/10/21,3195000,1996/8/6,625000,Menlo Park,94025,CA
131,654 N Virgil Ave APT 305,805000,"The creative wave lifting Los Angeles' Virgil Village is alive and well in local builder 4Site's 24 unit condo project Cha Cha Cha.  Paying homage to the beloved Caribbean restaurant (The Cha Cha Cha) the development replaced with it's pristine white lines, turquoise accents and tropical murals which grace the modern industrial structure. This 3 bedroom, 3 bath has views of Griffith Park Observatory, the Hollywood sign and everything exciting in Virgil Village. Seconds to Sqirl, Melody, Jewel and Roam to name just a few.  Clean lines and functionality are at every turn in this carefully designed 3 leveled gem. Modern amenities abound with stainless steel appliances and washer and dryer in each unit. Not to mention a gym, 2 car parking, storage unit and wifi. Welcome to your new home in this urban oasis!",Condo,2019,Central,Central,Covered,,3,3,3,1310,2,2,Los Angeles,Dayton Heights Elementary School,6,0.1,Thomas Starr King Middle School,6,0.9,John Marshall Senior High School,8,1.7,Cement,Forced air,Central,"Dishwasher, Dryer, Garbage disposal, Refrigerator, Washer",In Unit,Covered,,,2019/11/7,805000,,,Los Angeles,90004,CA
132,741 Harte St,1100000,"Tucked in the back of Montara, this charming single story home is situated on a large lot and is in excellent condition.   The kitchen features granite counter tops, maple cabinets, recessed lighting, and newer appliances.  All bedrooms are spacious in size and the Master Suite has his and her closets, recessed lighting, heated tile flooring in the bathroom, and granite counter tops.  The over-sized living room has open beam ceilings with skylights, a wood burning fireplace, and has access to a large backyard. Other amenities include a separate dining room, and a family room off the kitchen with a wet-bar and built in china hutch.  Extra storage can be found in the finished off attic space with a pull down ladder.  The exterior features redwood siding that has been recently painted and an impressive backyard with a large deck and ample patio area for play and entertaining.  Must see inside to appreciate - sellers are offering a 5,000 landscaping credit for front yard!",SingleFamily,1976,"Electric, Fireplace",None,"Garage, Garage - Attached",6250,3,2,2,1800,0,0,Montara,Farallone View Elementary School,4,0.3,,,,Half Moon Bay High School,6,6.4,"Tile, Carpet, Laminate","Forced air, Electric",None,"Refrigerator, Washer",In Garage,"Garage, Garage - Attached",135151,2797,2019/11/3,1125000,,,Montara,94037,CA
133,1175 Stanley Way,3888000,"Move right into this high-quality 5-bedroom, 3-bath split-level home in North Palo Alto's desirable Green Gables neighborhood. The main level includes a culinary kitchen with quartz countertops, a sunny breakfast nook and a spacious family room along with three bedrooms and two full bathrooms. Upstairs has a spacious master suite and an additional bedroom. The verdant backyard has mature foliage, fruit trees, a level lawn, and a stone-paved patio. Ideal location with outstanding Palo Alto schools: minutes to Rinconada and Eleanor Pardee Park, Edgewood Plaza and close to Duveneck Elementary.",SingleFamily,1950,Central Forced Air,None,"Garage, Garage - Attached, Covered",8080,"Ground Floor Bedroom, More than One Bedroom on Ground Floor",3,3,2723,2,2,Palo Alto,Duveneck Elementary School,8,0.3,Frank S. Greene Jr. Middle,7,0.5,Palo Alto High School,9,1.4,"Tile, Hardwood, Carpet",Forced air,None,"Dishwasher, Dryer, Garbage disposal, Microwave, Refrigerator, Washer","In Garage, Washer / Dryer","Garage, Garage - Attached, Covered",2436650,29639,2019/10/17,4295000,2006/3/27,1950000,Palo Alto,94303,CA
134,708 Riverside Ave,1325000,"Kahale Court is a 4-plex on a 7400 SF parcel 3 blocks from downtown Santa Cruz.  The building offers (2) 1BR/1BA units and (2) 2BR/1BA units, each unit individually metered for gas and electric completed in 2019.  This project alone will save a buyer $12,000 per year.  Additional recent improvements include new siding, exterior paint, exterior doors and trim, new gutter and low-maintenance landscaping. Smart laundry machines allow the tenants the freedom of paying from an application on their phone or using coins. The spacious unit interiors feature a combination of wood grain vinyl laminate flooring, tile, or carpeting, custom two-toned interior paint, window blinds and large windows for natural lighting.",MultiFamily,1925,Wall Furnace,None,Off-street,,,0,,2980,0,0,Santa Cruz,Gault Elementary School,3,0.9,Mission Hill Middle School,6,1,Harbor High School,7,1.9,,Gas,None,Refrigerator,,Off-street,,,2019/10/15,1395000,,,Santa Cruz,95060,CA
135,631 Ofarrell St APT 816,560000,"Sophisticated rare corner view home at full-service Hamilton bldg. Glamorous bright condo w/ alcove bed area, living-dining. Entertain in high style w/ gorgeous renovated kitchen: quartz counters, Bosch & Fisher Paykel stainless steel appliances, high quality cabinetry. Gaze at panoramic views to SF Bay, southern vistas, Sutro Tower, lovely city lights at night & amazing sunsets. Beautiful dark wood floors throughout, classic Art Deco archways, newer lighting. Bathroom has Italian marble tile, stylish flooring & is connected by a spacious walk-in closet customized by CA Closets. This unit has 2 sides of large windows that draw light throughout the day. The Hamilton's captivating lobby, award-winning chandeliers, grand piano, fireplace are treasured by residents. Amenities: 24-hr concierge, newly renovated fitness ctr, roof patio, community lounge w/ fountain patio, onsite mgr. Discover this fabulous condo in a distinctive building walkable to Union Square, Civic Center, downtown.",Condo,1930,Steam,,None,,0,1,1,,0,0,San Francisco,,,,Francisco Middle School,6,1.2,,,,"Tile, Wood",Steam,,"Dishwasher, Range Hood",,None,524976,7096,2019/10/2,585000,2015/12/18,485000,San Francisco,94109,CA
136,1184 Quail Ridge Ct,1736000,"Large Park Like Backyard Home Nestled in Quiet Cul-De-Sac! Highly Sought After Glen Crest Neighborhood in Almaden Valley! Walking Distance to Williams Elementary School, A National Blue Ribbon School of Excellence; Top Rated Bret Harte Middle & Leland High School; Desirable Floor Plan with One Large Bedroom & One Full Bathroom Downstairs; High Vaulted Ceiling & Large Windows in Living Room; New Laminated Wood Floor, New Carpet & New Interior Paint; Kitchen Features New Quartz Counter Top, New Stainless Steel Stove, Exhaust Fan, Dishwasher & Wash Sink; Garden Window, Bay Window & Coffer Ceilings; New Lighting Fixture & Recessed Lighting; Dual Zone A/C & Furnace Heater; Backyard Features New Sod, Several Fruit Trees, a Large Deck with Pergola & Awing for Relaxing Afternoon; Three Cars Garage; Must See to Appreciate; Open House Sat & Sun 12/7 & 12/8 from 1pm to 4pm;",SingleFamily,1985,Zoned,Zoned,"Garage Door Opener, Attached",12196.800000000001,4,3,,2585,3,3,San Jose,Williams Elementary School,9,0.1,Bret Harte Middle School,7,0.5,Leland High School,8,0.7,"Carpet, Laminate, Tile, Wood",Zoned,Zoned,"Dishwasher, Gas Range",Laundry Room,"Garage Door Opener, Attached",1632000,20230,2019/12/6,1650000,,,San Jose,95120,CA
137,786 Bond Way,2110000,"Stunning ranch-style home nestled in highly sought-out Cuesta Park neighborhood close to parks, schools, shopping and transit*Exceptional curb appeal with matured professional landscaping with automatic sprinklers, ideal patterned paver driveway, and raised front porch deck for private relaxation*This updated/remodeled home features: bamboo wood floors, dual pane windows, plantation shutters, quaint fireplace, six panel doors, polished nickel-lever hardware, recessed lighting and gorgeous bathrooms*Family/bonus room off the kitchen*The third bedroom makes for a fabulous office, guest bedroom, or playroom*Kitchen has granite countertops and modern touches with cozy dining area opening into the living room creating a lovely flow*The backyard is excellent for family gatherings/entertaining: matured landscaping, pergola/trellis, bbq area, stylish shed, and the continued patterned pavers from the driveway along the side of the house, creating a natural and stylish transition between yards.",SingleFamily,1952,Central Forced Air,Central AC,"Garage, Garage - Attached, Covered",5597,3,2,2,1313,1,1,Mountain View,Benjamin Bubb Elementary School,7,0.5,Isaac Newton Graham Middle School,6,0.6,Mountain View High School,8,1.5,Hardwood,"Forced air, Gas",Central,"Dishwasher, Dryer, Garbage disposal, Refrigerator, Washer","In Garage, Washer / Dryer, Gas Hookup","Garage, Garage - Attached, Covered",153254,1871,2019/11/6,1988800,,,Mountain View,94040,CA
138,12561 Walsh Ave,2170000,"Stunning 2019 new construction in the heart of Del Rey, designed and built by Arzuman Brothers. This 4 bedroom and 5 bathroom uniquely designed California contemporary home features the perfect blend of inside/outside flow and open space design. As you walk through you are greeted by towering windows throughout the home that provide excellent natural light. The gourmet kitchen includes a spacious large island, custom made cabinetry, state of the art appliances, and an attached breakfast table. A few of the many features of the tree lined backyard include ceramic tiles, outdoor fire pit, BBQ, and a hanging succulent plant wall. Once you retreat to the master suite, you are invited once again with open space and a perfect harmony of bedroom, bathroom, and walk-in closet. Full smart home that controls music, lights, air conditioning, cameras, security system, and much more. Close proximity to the beach, local eateries, bike paths, Venice, Marina Del Rey, and all that Silicon Beach has to offer!",SingleFamily,2019,Central,Central Air,"Garage, Other",5288,4,5,4,2542,2,2,Los Angeles,Short Avenue Elementary School,6,0.4,Marina Del Rey Middle School,2,0.3,Venice Senior High School,6,1.2,Wood,Central,Central Air,"Freezer, Refrigerator, Barbecue, Counter Top, Disposal, Range Hood, Oven, Microwave, Dishwasher, Range",See Remarks,"Garage, Other",1593240,19345,2019/11/6,2279000,2018/12/17,1000000,Los Angeles,90066,CA
139,12233 Dorothy St,2950172,"Walk through a white picket fence to the front gassy yard with mature landscaping to this picturesque Traditional home.  Step inside to find hardwood floors throughout, elegant crown molding and a remodeled eat-in kitchen. First level features a formal living room, large family room with beautiful built-ins and formal dining room off the kitchen. French doors lead from both the family room and the dining room to the grassy, private backyard with patio and outdoor fireplace, creating wonderful flow for entertaining. Front facing bedroom and separate bath completes the first floor. Ideal upstairs floor plan with three additional bedrooms including large master suite with high ceilings and en-suite bath. Ample-sized laundry room with great natural light could also be used for additional storage or home work area. Two-car garage with rear alley access.  L ive the Brentwood lifestyle in this charming Traditional close to San Vicente shops and restaurants and the farmer's market.",SingleFamily,1940,Central,Central Air,"Detached Carport, Garage",,4,4,4,2889,2,2,Los Angeles,Kenter Canyon Elementary School,9,1.8,Paul Revere Middle School,7,1.5,University Senior High School Charter,6,0.8,Tile,Central,Central Air,"Dishwasher, Disposal, Refrigerator, Gas Cooktop, Double Oven, Microwave, Range Hood, Washer, Dryer",Inside,"Detached Carport, Garage",1880523,22881,2019/10/18,2850000,2001/3/20,1159000,Los Angeles,90049,CA
140,4235 Strawberry Park Dr,1525000,"Wonderful turn-key home in the desirable Strawberry Park neighborhood! Well maintained for over 50 years by the previous owner, with many improvements and upgrades. Freshly painted inside and out. Solid oak hardwood floors. Dual-pane windows, and central heat and air conditioning. Wood burning fireplace. This comfortable home is totally move-in ready, and with the large lot it has plenty of room for future expansion to the front or side, like many of the neighbors, to accommodate your growing family! Excellent location just a short distance from Westgate shopping center, Santana Row and Valley Fair. Short commute to the Apple spaceship campus and new Cupertino Main Street, and easy access to 280 and 880. FANTASTIC distinguished schools: Morelands Easterbrook K-8 elementary/middle school, rated 10/10 for test scoring, and coveted Prospect High in Saratoga. Also, less than a mile to Archbishop Mitty High or Harker.",SingleFamily,1955,Central Forced Air - Gas,Central AC,"Garage, Garage - Attached, Covered",7034,Master Suite / Retreat,2,2,1226,2,2,San Jose,,,,,,,Prospect High School,7,1.9,"Tile, Wood, Vinyl / Linoleum","Forced air, Gas",Central,"Dishwasher, Dryer, Garbage disposal, Microwave, Refrigerator, Washer","In Garage, Washer / Dryer, Electricity Hookup (220V), Electricity Hookup (110V)","Garage, Garage - Attached, Covered",1525000,20446,2019/11/27,1198888,,,San Jose,95129,CA
141,1747 Fanwood Ct,1175000,"A must see home located within a desirable neighborhood in North San Jose. This home features 4 bedrooms, 2.5 bathrooms, spacious lot, two car garage, and various unimaginable details throughout. This property displays beautiful solid hardwood flooring, venetian plaster along staircase to match beautifully with the crystal chandeliers above the living room and dining room. Kitchen has beautiful tile backsplash with high end KitchenAid Refrigerator and Viking appliances. Each bedroom has intricate high end finishes that are to die for. Backyard offers a peaceful and private area perfect for entertaining guests.",SingleFamily,1978,Central Forced Air,Ceiling Fan,"Garage, Garage - Attached, Covered",6198,4,3,2,2079,2,2,San Jose,Vinci Park Elementary School,8,0.4,Piedmont Middle School,5,2,Independence High School,6,0.8,Hardwood,Forced air,,,Electricity Hookup (220V),"Garage, Garage - Attached, Covered",339159,5579,2019/11/22,1150000,,,San Jose,95133,CA
142,4424 W 61st St,800000,"Great opportunity to own this large charming traditional style 3 bedrooms, 2 bathrooms, dining room, spacious living room with fire place, den and enjoy a stylish kitchen. Master bedroom is spacious with plenty of closet and storage space. Inside laundry room and attached single car garage. Large backyard with a wonderful covered patio for entertainment. SELLER IS VERY MOTIVATED. This home is blank canvas bring your paint and brush and a vivid imagination, a little love to bring this VIEW HEIGHTS home back to life. Centrally located near parks, shopping, schools and restaurants. DO NOT WAIT!!.  MAKE YOUR OFFER TODAY!!!. Seller will leaseback for one month after CLOSE OF ESCROW.",SingleFamily,1939,Wall Furnace,None,Garage - Attached,,3,2,1,1666,0,0,Los Angeles,Fifty-Fourth Street Elementary School,2,0.8,Audubon Middle School,2,2.2,,,,,Wall Furnace,None,Disposal,,Garage - Attached,153420,2226,2019/10/14,889000,,,Los Angeles,90043,CA
143,380 Caribe Way,555000,"Why rent when you can afford your own cozy home! Excellent corner lot at desirable Villa Antigua community. Farther away from highway 680 than other units. Recent remodeling in 2018, including: granite counter top, new cabinets, new microwave, new dishwasher in the kitchen. Updated bathroom, recess lights, laminate floor, new fireplace, double pane window. New window blinds. Newer interior paint. Inside laundry hookup. Fenced back yard for nice leisure BBQ. Community fenced pool to enjoy in hot summer.  Detached 1 car garage + 1 assigned parking. Great community with great neighbors. Easy access to highway 680, 101. 10 minutes drive to future Google downtown campus, future Berryessa Bart Station. Walking distance to grocery stores, restaurants, fitness, park and light rail. Great for first time home buyer and investor!",Townhouse,1985,Wall Furnace,None,"Garage, Garage - Attached",766,More than One Master Bedroom,3,2,1067,0,0,San Jose,Ben Painter Elementary School,5,0.5,,,,Independence High School,6,0.7,Laminate,Other,None,Range / Oven,Inside,"Garage, Garage - Attached",378209,5690,2019/10/3,569000,2002/3/7,280000,San Jose,95133,CA
144,1344 Turrett Dr,950000,"Beautifully updated single story home has been freshly painted inside and outside, there is new wood laminate flooring throughout the home, very light and spacious feeling with 4 skylights,  baths are updated with New vanities, New tile surrounds for tub and showers, New hardware and faucets plus New tile flooring and New lighting.  Cooks will love the updated kitchen with a gas range and granite counters.  The gorgeous pool is energy efficient with solar heating and the backyard landscape will be easy maintenance.  You'll have close access to schools, shopping and freeways.  This amazing home is a ""Must See"".  With nothing left to do, just unpack your bags and you're done.",SingleFamily,1970,Central Forced Air,Central AC,"Garage, Garage - Attached, Covered",6059,Master Bedroom on Ground Floor,3,3,1350,2,2,San Jose,Vinci Park Elementary School,8,0.4,Piedmont Middle School,5,1.7,Independence High School,6,1.3,"Tile, Laminate",Forced air,Central,"Dishwasher, Garbage disposal, Range / Oven","Gas Hookup, Electricity Hookup (220V)","Garage, Garage - Attached, Covered",413454,6510,2019/11/6,995000,2012/1/31,360000,San Jose,95131,CA
145,2401 Westpark Dr,1440000,"Willow Glen Charmer!  This wonderful floor plan welcomes you through custom front doors into 5br and 2.5 ba in 2479sf. Entertain with ease in a remodeled chefs kitchen boasting cherry cabinets, granite counters, large center island with copper prep sink, modern pendant lighting and large convection range. Kitchen cabinets have pull out shelves and soft close doors. The kitchen flows into the eating area, with ample built in desk space. Adjacent family room has sliding glass doors leading to a beautiful covered deck, perfect for dining al fresco.  Downstairs has both a formal living room with fireplace and dining room. Remodeled half bath. Spacious indoor laundry room.  Hardwood floors. Master bath has shower.  Main hall bath has tub.  Cellular blinds on dual paned windows.  Abundant storage areas.  Fruit trees in backyard. Membership to neighborhood Brighton Square Pool.  Conveniently located minutes from major commuting routes & near many shopping, dining, & entertainment options.",SingleFamily,1966,Central Forced Air,None,"Garage, Garage - Attached, Covered",7008,5,3,2,2479,2,2,San Jose,Bagby Elementary School,6,0.1,Price Charter Middle School,7,0.5,Branham High School,8,2,"Tile, Hardwood, Carpet, Vinyl / Linoleum","Forced air, Gas",None,"Dishwasher, Dryer, Freezer, Microwave, Range / Oven, Refrigerator, Washer","Inside, In Utility Room","Garage, Garage - Attached, Covered",1143344,15580,2019/11/19,1500000,2005/9/21,915000,San Jose,95124,CA
146,829 Clough Rd,308000,"829 Clough Rd, Loleta, CA 95551 is a single family home that contains 1,450 sq ft. It contains 2 bedrooms and 2 bathrooms. This home last sold for $308,000 in January 2020. 
 
The Zestimate for this house is $324,252. The Rent Zestimate for this home is $1,800/mo.",SingleFamily,,Woodstove,,Carport,73180.8,2,2,1,1450,0,0,Loleta,Loleta Elementary School,1,1.8,,,,East High (Continuation) School,2,6.4,"Carpeted, Vinyl",Propane / Butane,,"Range / Oven, Refrigerator","Dryer, Washer, Dryer Hookup, Washer Hookup",Carport,167153,1795,2019/9/30,310000,,,Loleta,95551,CA
147,2842 Hollyridge Dr,1520000,"Beautiful mid-century modern home with breathtaking views! Designed by architect & structural engineer Arthur H. Levin, is loaded with the special charm that comes with living in the Hollywood Hills. Fleetwood windows & sliding doors open to the rolling hills of Griffith Park. This serene 2 bedroom, 2 bathroom, plus den home is light filled. Ipe Brazilian wood decks flow with the open floor plan. Custom kitchen with gorgeous soapstone countertops, Miele appliances, & Thermador fridge is great for entertaining. The master with walk in closet & En suite features an over sized shower and custom walnut vanity. Soak in the sparkling light of LA in an outdoor bath on the private deck off the master. The large second bedroom also opens up to the canyon. The main bathroom w/Italian tile features a stand-alone shower & separate tub & custom walnut vanity. A large, attached 2-car garage. Bonus terrace & studio provide a creative space nestled in the canyon of LA's historical, Beachwood community",SingleFamily,1962,Central,Central Air,"Covered, Direct Access, Garage Door Opener, Garage - Two Door",,2,2,2,1486,0,0,Los Angeles,Cheremoya Avenue Elementary School,6,0.9,Joseph Le Conte Middle School,3,1.6,Hollywood Senior High School,6,1.9,"Tile, Wood",Central,Central Air,"Dishwasher, Disposal, Microwave, Refrigerator",Laundry Closet,"Covered, Direct Access, Garage Door Opener, Garage - Two Door",1074617,13275,2019/11/7,1275000,2006/4/26,860000,Los Angeles,90068,CA
148,460 S Spring St APT 204,360000,"Studio loft in one of Downtown LA's most desirable, luxurious historic Beaux-Arts buildings in the Historic Bank District, adjacent to the pet friendly Spring Street Park! The Rowan was originally built in 1912 and was remodeled into residential condos in 2008. The building qualifies for the Mills Act, which offers significant property tax savings. The unit features high ceilings, exposed brick walls, large mahogany windows, hardwood floors, modern kitchen with Bosch stainless steel appliances, and large bathroom with in unit washer and dryer. The HOA amenities include 24 hour security/doorman, lounge with kitchenette and big screen television, barbecue area, hot and cold plunge pools, dog run. Parking is available for rent ($175/month for one space unreserved, $225/month for one space reserved, $325/month for two spaces tandem reserved).",Condo,1912,Central,Central Air,0 spaces,,0,1,1,460,0,0,Los Angeles,,,,John H. Liechty Middle School,3,1.4,Belmont Senior High School,3,1.2,"Tile, Wood",Central,Central Air,"Dishwasher, Microwave, Refrigerator, Washer, Dryer",,,118000,1642,2019/10/30,384000,,,Los Angeles,90013,CA
149,159 S Gretna Green Way,6595000,"Exquisite Cape Cod Brentwood estate situated on a spectacular large lot with gated grounds. Resort-style living in this newly constructed masterpiece with quality craftsmanship throughout. Enter into an open, warm floor plan where soaring ceilings and exceptional amenities abound.  Four en suite bedrooms upstairs including sumptuous master suite with walk in closet, spa bathroom, and private balcony. Chefs dream kitchen with top grade appliances, huge center island, and banquette opens to an enormous great room. Pocket doors lead to a spacious backyard for seamless indoor/outdoor entertaining with pool/spa, cabana, and private guest suite. Large grassy lawn with mature landscaping further complement the outdoor living space. This Crestron smart home also features a home theatre, glass wine room, office, and lower level bedroom suite. Other amenities include a new outdoor deck with lounge area, dining area, BBQ, and fireplace. An opportunity to enjoy the prestigious Brentwood lifestyle.",SingleFamily,2016,Central,Central Air,"Direct Access, Driveway, Garage - Two Door",,5,8,3,5697,0,0,Los Angeles,,,,Paul Revere Middle School,7,1.1,Palisades Charter High School,8,3.4,"Wood, Tile",Central,Central Air,"Barbecue, Dishwasher, Disposal, Refrigerator, Washer, Dryer","Inside, Laundry Room","Direct Access, Driveway, Garage - Two Door",6422389,77710,2019/10/21,6595000,2018/3/23,6173000,Los Angeles,90049,CA
150,1117 S Ridgeley Dr,1611000,Home for the Holidays in your  Light Filled 3 Bedroom 3 Bathroom Impeccably rebuilt with a Montecito Modern Vibe In the coveted Miracle Mile HPOZ. The best of California Indoor outdoor living from each of the 3 bedrooms and living room. Spa like master bathroom with step in dual shower. .Kitchen Great room for the family and friend gatherings with vaulted ceilings and center skylight leading to pantry area.Living room with Fireplace. Stainless Appliances.Natural light wood floors.Brilliantly Redesigned garage with dual layer doors for bonus room.Private side garden patios and backyard with Gated driveway.,SingleFamily,1927,Central,Central Air,Driveway,,3,3,3,1927,0,0,Los Angeles,Wilshire Crest Elementary School,2,0.6,John Burroughs Middle School,7,1.2,Fairfax Senior High School,7,1.8,Wood,Central,Central Air,,Stackable,Driveway,1232160,15120,2019/7/1,1979000,,,Los Angeles,90019,CA
151,2232 Saint Claire Ct,970000,"Two very spacious master bedrooms with equally large walk-in closets / Enclosed solarium provides additional space for an exercise room or den / Spacious living room with cozy wood burning fireplace / Beautiful wood flooring in kitchen, dining area and living room / New carpeting on the second floor and staircase / Inside utility room with full size washer and dryer and additional overhead storage / Central forced air heating and air conditioning / Dual pane windows and sliding doors / Private patio with several Chinese maple trees that provide shade and a peaceful area to relax and enjoy / Two refreshing pools and community club house / Easy commute location near all major highways, shopping and entertainment.",Townhouse,1987,Central Forced Air - Gas,Central AC,"Garage, Garage - Attached, Off-street, Covered",1475,"Walk-in Closet, More than One Master Bedroom, Master Suite / Retreate - 2+",3,2,1528,2,2,Santa Clara,Kathryn Hughes Elementary School,4,0.7,Buchser Middle School,5,3.3,Santa Clara High School,6,3.2,"Hardwood, Stone, Vinyl / Linoleum","Forced air, Other, Electric, Gas",Central,"Dishwasher, Dryer, Freezer, Garbage disposal, Microwave, Range / Oven, Refrigerator, Washer","Washer / Dryer, Inside, In Utility Room","Garage, Garage - Attached, Off-street, Covered",386462,4682,2019/9/26,1035000,2000/2/8,275000,Santa Clara,95054,CA
152,1721 De Marietta Ave,2060000,"HIGHEST GROSSING INCOME FOUR-PLEX IN ALL OF SAN JOSE! PRIDE OF OWNERSHIP BUILDING. SITUATED IN DESIRABLE WEST SAN JOSE. EXCELLENT TENANTS AND UNIT MIX. $60K IN RECENT IMPROVEMENTS. 3 OF 4 UNITS HAVE BEEN EXTENSIVELY UPDATED/REMODELED. NO DEFERRED MAINTENANCE. 100% OCCUPIED. LOTS OF NATURAL LIGHTING. PRIVATE YARDS OR BALCONIES. AIR CONDITIONING. COMMON AREA COIN OPERATED WASHER AND DRYER INCLUDED IN SALE. OWNERS UNIT INCLUDES WASHER/DRYER. ALL UNITS COME WITH PRIVATE GARAGES AND A 2 CAR GARAGE WITH WASHER/DRYER FOR OWNERS UNIT. ADDITIONAL OUTSIDE PARKING FOR UP TO 6 VEHICLES AVAILABLE. SUPER CONVENIENT LOCATION TO SHOPPING, SJCC, AND EASY ACCESS VIA VTA LIGHT RAIL AND HW 17/85/280. FINANCE AS OWNER OCCUPIED AND TAKE ADVANTAGE OF SUPER LOW MORTGAGE RATES.",MultiFamily,1973,"Wall Furnace, Gas, Central Forced Air - Gas",Window / Wall Unit,"Garage, Garage - Attached, Covered",,,0,,4339,4,4,San Jose,Blackford Elementary School,3,0.3,Monroe Middle School,4,1.3,Del Mar High School,5,0.3,"Tile, Carpet, Laminate, Vinyl / Linoleum","Forced air, Gas",Wall,"Dryer, Washer","Washer/Dryer - Some Units, Coin Operated","Garage, Garage - Attached, Covered",2080800,27064,2019/9/23,2088000,2018/5/4,1747500,San Jose,95126,CA
153,98 Alejandra Ave,13000000,"Stunning 1.76+/- acre property with gorgeous oak trees, tennis court. Beautiful Victorian home with porch, formal entry, chefs kitchen, accessory structure. Build your dream home. Amazing location in the heart of West Atherton. Once in a lifetime generation opportunity. Award winning Menlo Park schools!",SingleFamily,1860,Floor Furnace,None,"Garage, Garage - Attached",76665.6,4,5,4,3870,0,0,Atherton,Encinal Elementary School,8,1,Hillview Middle School,8,0.8,Menlo-Atherton High School,7,1.5,Hardwood,Other,None,Range / Oven,In Utility Room,"Garage, Garage - Attached",851251,11695,2019/11/8,13850000,,,Atherton,94027,CA
154,3122 W 11th St,8750000,"Great Location. Good opportunity for Investment and Development. 2 parcels of 3122 W 11th St and 3126 W 11th st. to be sold together. Total of 10,800 Sq Ft. R 4 Zoning. near Korean Huge market. 1 Block East of Western  and 1  Block south of Olympic Blvd. Very conveniently located in the heart of Korea town. near Los Angeles down town.  near 10 Freeway.",SingleFamily,1904,Central,Central,"Garage, Carport, Garage - Detached, Covered",5471,3,3,3,1698,6,6,Los Angeles,Los Angeles Elementary School,3,0.1,Pio Pico Middle School,5,0.7,West Adams Preparatory High School,4,1.3,Carpet,Wall,Central,,Laundry Area,"Garage, Carport, Garage - Detached, Covered",1289000,15766,2017/6/26,1200000,2018/10/24,1250000,Los Angeles,90006,CA
155,7604 Willow Glen Rd,2094000,"Set back behind a private gate and lush landscaping, this Hollywood Hills Hacienda has been redesigned with the perfect combination of Hollywood Era Elegance and Modern Amenities to create a Unique and Beautiful Home full of Character and Charm. Handcrafted and Natural Materials are used throughout. Enter through Double Doors to Elegant Living & Dining Areas which flow easily to Rear Patio - Perfect for Today's Indoor/Outdoor Lifestyle. Kitchen features Hand Painted cabinets, Viking Stove and Glass Front Subzero and opens to both the Family Room and Breakfast Area. Tranquil Master Bedroom includes a Private Bath w/Dual Sinks, Soaking Tub, Glass Shower and Built-in Dresser. Oversized Office features Walls of Built-ins and Whimsical HO Scale Train & Rail. Additional Rooms include a Gym and Laundry Room. Enchanting Entertainer's Yard with Lush Tropical Foliage, Saltwater Pool, Spa, Cascading Waterfall and View of Mountains. Charming Covered Patio is Perfect for Pool Parties, BBQ's, Outdoor Dining or Coffee in the Morning. Custom Sound System has been installed throughout the house including the outdoor patio. Additional Amenities include Two Wood Burning Fireplaces, Outdoor Delta Heat Grill, Multiple Skylights, Tankless Water Heater, Built-ins, ADT Alarm System, Double Car Garage w/Direct Access, Automatic Gate, Driveway Parking as well as Ample Street Parking for guests. Ideally located in the Hollywood Hills, close to Studios, The Grove, Valley and Restaurants",SingleFamily,1965,Central,Central Air,"Garage, Garage - Attached, Covered",23958.000000000004,3,3,3,2792,5,5,Los Angeles,Gardner Street Elementary School,7,1.4,Hubert Howe Bancroft Middle School,3,2.6,Fairfax Senior High School,7,2.2,"Wood, Stone",Forced air,Central,"Dishwasher, Freezer, Garbage disposal, Microwave, Range / Oven, Refrigerator","Individual Room, Gas Dryer Hookup, Washer Hookup","Garage, Garage - Attached, Covered",1189036,14870,2019/7/10,2399500,2011/4/26,1015000,Los Angeles,90046,CA
156,430 Mountain Laurel Ct,263000,"Enjoy the privacy of this end unit, located at the back of the West Court Complex. Dramatic 2 story ceilings in living room. Master enjoys a vaulted ceiling,balcony, large walk-in closet and spacious in-suite bath tub and shower.  Secondary bedrooms also valulted, enjoy a common spacious balcony. Kitchen features: new gas range/electric oven,Microwave, dishwasher, and breakfast nook with slider to backyard.  New laminate  flooring throughout down stairs (hardwood entry) and new carpet in bedrooms. Freshly painted interior.  Relax or entertain in your own back yard with large deck and newly landscaped sideyard.  Conveniently located to  Bailey neighborhood shopping and easy access to major Tech Companies and downtown Mountain View.  Los Altos High School.  Home exterior was painted and complex fumigated during summer of 2017.",SingleFamily,1988,"Forced air, Gas",None,"Garage, Garage - Attached, Covered",1507,3,,,1610,1,1,Mountain View,Theuerkauf Elementary School,7,0.3,Crittenden Middle School,6,0.6,Los Altos High School,8,1.9,"Hardwood, Laminate","Forced air, Gas",None,"Dishwasher, Dryer, Garbage disposal, Microwave, Range / Oven, Refrigerator, Washer",,"Garage, Garage - Attached, Covered",1725658,21303,2017/10/19,1369800,2017/11/21,1605000,Mountain View,94043,CA
157,10966 Strathmore Dr APT 8,982000,"Built in 1935, Villa Campana is a unique Spanish Colonial building located in Westwood Village. It's a rarely found, precious gem of a vintage courtyard building, a moment in time from a bygone era. Once behind the beautiful front gates, you're welcomed by the magical central courtyard with its beautiful, expansive and lushly-landscaped groundsa true verdant sanctuary. The two-story townhouse is unspoiled with rich, original architectural details throughout such as warm, pegged wood floors, high beamed ceiling, ironwork & more.. The large living room with high ceilings has a large brick fireplace and bay window looking out to the leafy courtyard. A dining room, galley kitchen, pantry plus half bath complete the first floor. Upstairs are two spacious bedrooms sharing a full hall bath. Private pool. Covered parking. Very close proximity to UCLA, Westwood Village shopping and dining.",Condo,1935,Forced Air,None,Carport,,2,2,1,1376,1,1,Los Angeles,Warner Avenue Elementary School,9,1.1,,,,University Senior High School Charter,6,1.5,"Carpet, Wood, Tile",Forced Air,None,"Disposal, Refrigerator",,Carport,160389,2025,2019/8/30,1150000,,,Los Angeles,90024,CA
158,1260 N Wetherly Dr,3055000,"Discover this enchanting restored Traditional home set back from the street and behind a peaceful garden in the desirable Hollywood Hills. Once the long-time residence of renowned composer, Igor Stravinsky, offerings include classic details throughout with hardwood floors, built-ins, original molding, and French doors and windows. Enter into the foyer leading to the elegant step-down living room with fireplace. Large formal dining room, eat-in kitchen with Viking stove, and spacious family room featuring a fireplace, wet bar, and doors opening to the front porch. Beautiful master suite with luxurious bath and charming guest suite with full bath and garden views. Enjoy a large front yard with lovely landscaping, lawn, brick patio, fountains, and covered porch. Gated and fully fenced and hedged, this home offers complete privacy and an ultimately tranquil setting while located just seconds from the heart of the famous Sunset Strip.",SingleFamily,1936,Central,Central Air,"Detached Carport, Garage",11768,3,3,3,2612,0,0,Los Angeles,West Hollywood Elementary School,9,0.3,Hubert Howe Bancroft Middle School,3,3.2,Fairfax Senior High School,7,1.9,,Central,Central Air,"Dishwasher, Disposal, Microwave, Refrigerator",See Remarks,"Detached Carport, Garage",1042455,13129,2019/4/16,3495000,,,West Hollywood,90069,CA
159,1185 Sierra Ave,1350000,"Situated in one of San Jose's most beloved neighborhoods, this 1918 Bungalow is a treasure. The architecture is original and true to the styles found throughout ""Shasta-Hanchett"". Interior built-in features and the massive fireplace are preserved, while the huge kitchen and both baths are updated. Rooms are spacious, comfortable, open, and light-filled. Original floors are newly refinished and they gleam. All three bedrooms are large and airy. One bedroom's closet has been remodeled as a bath with shower. The large kitchen boasts loads of cabinets, an island fit for a chef, gas cook-top, wall oven and microwave, dishwasher, and a desk. The breakfast room is a fine office space, too. The sun room is delightful, and the finished basement is truly usable space. Relax on the sunny deck. Note the garden and fruit trees. Walk to Whole Foods, The Alameda cafes, Sharks, Diridon Station, Downtown, and in the future, Google. So rare, you must not let this special home pass you by. Open Sat/Sun.",SingleFamily,1918,Central Forced Air,None,"Garage, Garage - Attached, Covered",6098,"Ground Floor Bedroom, Master Bedroom on Ground Floor",2,2,1688,1,1,San Jose,Merritt Trace Elementary School,4,0.7,Herbert Hoover Middle School,3,0.6,Abraham Lincoln High School,5,0.7,"Tile, Hardwood","Forced air, Gas",None,"Dryer, Garbage disposal, Microwave, Refrigerator, Washer","Tub / Sink, Washer / Dryer, In Utility Room, Electricity Hookup (220V)","Garage, Garage - Attached, Covered",516143,7326,2019/12/2,1225000,1994/6/6,329000,San Jose,95126,CA
160,1107 Waterton Ln,760000,"Welcome to this charming 2Bed/2Bath 1444SF end unit Townhome. With its spacious and open floor plan, it will not disappoint. Remodeled kitchen includes custom cabinets, Quartz countertops, and wet bar with new Quartz counters. Plenty of natural light adds to the warmth of this cozy home. Private patio is ideal for entertaining friends and family. Venture to the second floor and you will find a large Master Bedroom, full bathroom with new tile floors, and walk in closet. Adjacent to the first bedroom is a Large Master Suite Retreat on the third floor. The Master Retreat Bathroom was completely remodeled with Quartz counters, custom cabinets, and a walk in shower with upgraded tile. A large walk in closet compliments this suite. Adjacent to the kitchen is an indoor laundry room for ease and convenience. Attached two car garage is large, and can be accessed from within the residence. Conveniently located to shopping, entertainment, freeways, and schools. Make this delightful home yours!",Townhouse,1979,Central Forced Air - Gas,Central AC,"Garage, Garage - Attached, Covered",1524,"Master Suite / Retreat, Walk-in Closet, More than One Master Bedroom",2,2,1444,1,1,San Jose,Vinci Park Elementary School,8,0.3,Morrill Middle School,6,2.2,Independence High School,6,0.9,"Tile, Carpet, Vinyl / Linoleum","Forced air, Gas",Central,"Dishwasher, Dryer, Microwave, Range / Oven, Refrigerator, Washer","Washer / Dryer, Inside","Garage, Garage - Attached, Covered",200582,3804,2019/11/27,789999,,,San Jose,95131,CA
161,3924 Dalton Ave,645000,,Unknown,1914,,None,Concrete,,,,,,0,0,Los Angeles,Martin Luther King Jr. Elementary School,2,0.3,,,,Manual Arts Senior High School,3,0.7,,,None,,,Concrete,503440,6324,2019/8/26,659000,2005/6/6,395000,Los Angeles,90062,CA
162,657 S Kern Ave,655000,"Great Opportunity! TRIPLEX For Sale!   Live-In One & Rent The Others.   Front Unit Features: 2 Bedrooms, 1 Bath... Middle Unit Features: 2 Bedrooms, 1 Bath... Back Unit Features: 2 Bedrooms, 1 Bath.  Each Unit Has 1 Car Garage, Plus Additional Parking...  Great Rental Cash-Flow...  Located In The Heart of East Los Angeles, Cross Street: Whittier Blvd...   Within 10mins From Downtown Los Angeles, Bus Stops, Shopping Centers.",Unknown,1929,,,Garage,,,,,2266,3,3,Los Angeles,Humphreys Avenue Elementary School,5,0.4,David Wark Griffith Middle School,5,0.4,,,,,,,,None,Garage,341755,5630,2019/8/25,670000,1995/11/15,153000,Los Angeles,90022,CA
163,2946 Del Loma Dr,1300000,"Big airy and bright that lets the sunshine in through Elizabeth shutters, Custom firepalce mantal with custom woodburning fireplace with smoked rimless glass, custom built-in cabentry, Fish tank and gear, LED lighting throughout, Casablanca ceiling fans with remote control, house fan, Italian chandelier/sconces with 24 carat leaded glass, Gaggenau double convection ovens, Fagor induction cooktop, Cathedral ceilings on the 2nd floor, double pane windows and doors, hardwood floors, luxurious custom carpet for staircase and 2nd floor, Shades of gray with black trim paint theme throughout house before the 50 shades of gray was written!
Beautiful Japanese inspired front yard with unique curved flagstone entry way and Japanese style fence.  Low maintenance exterior: 50 year Metal shake style roof, Stucco / vinyl siding with all wood wrapped.  Paneled french doors showing off the custom pergolas in the backyard with flagstone and custom decking and top of the line Hot Springs Grandee spa.  Huge 3 bathrooms, master bdrm has double hans grohe glassed in shower, kohler toilets, each room has installed lights operated by wall switch even upstairs laundry room, attic, and under stairs storage space!

Elegant, serene, simple with realistic walking distances for all typical needs. The unique curved flagstone walkway leads to the Japanese style covered fences slowing time inspired by Japanese themed rock garden with Japanese Maples, bonsai style fir trees, and specially selected plants and features, serenely preparing for the open air stunning sun bathed home interior. Attention is drawn downward upon entering as the beauty and natural warmth of the red oak hardwood floor contrasts the modern color tones, exquisitely selected to continue the elegance inside and contrasting the soaring ceilings in the living room. In the living room a custom designed fireplace mantel made with unique woods and jade surrounds a frameless smoked glass wood burning fireplace and is matched with a unique Italian chandelier and majestic soaring mirror allowing appreciation of the chandelier when sitting. Second story windows clad in shutters compliment the mirror, further highlighting the soaring ceilings in the living room: simple but elegant. Basic tiles in the black trimmed white kitchen are matched with the sophistication of induction pantone gray cooktop, Double Gaggenau Convection ovens etc with spacious food preparation areas and pantry. Dimmable LED lighting throughout allows for desired ambiance balanced with energy savings, form and function. Cathedral ceilings extend the entire 2nd floor. A southern facing large bay shuttered window with accompanying skylight overlooking the staircase allows natural lighting till dusk. Windows provide views, from the kitchen window with the large Japanese lantern under a Japanese maple to the Master bedroom balcony view of the nearby giant redwoods, mountains / hills / and greenbelt westward facing. The morning sun highlights the redwoods in the morning with Tahoe-like spectacular view as the day begins. Natural sunlight abounds! Low maintenance exterior, balance of front yard, backyard, and interior: elegant convenience.",SingleFamily,1982,Central Forced Air,Window / Wall Unit,"Garage, Garage - Attached, Covered",4185,"Master Suite / Retreat, Walk-in Closet",3,2,1740,2,2,Campbell,Forest Hill Elementary School,9,0.6,Rolling Hills Middle School,7,0.3,Westmont High School,7,0.3,"Hardwood, Carpet, Vinyl / Linoleum","Forced air, Gas",Central,"Dishwasher, Garbage disposal, Microwave, Range / Oven, Trash compactor","Upper Floor, Inside","Garage, Garage - Attached, Covered",420541,5967,2019/6/26,1449950,,,Campbell,95008,CA
164,11042 S Manhattan Pl,600000,"Beautifully remodeled home with classic curb appeal and character to spare!! This three-bedroom, one bath is picture perfect with it∏MŸ¸ a stone facade and charming bay windows. Windows frame this brightly open space living room with recessed lighting and natural wood flooring. Kitchen is a chef's dream with all white marble counter tops, beautiful chevron tile back splash and convenient island for even more storage. Bedrooms are plenty spacious with roomy closets and ceiling fans; hall bathroom is fully updated with his and hers vessel sinks for a modern classic look. Laundry space is conveniently located inside home, outside access from the kitchen leads you to vast back yard where you can let your imagination run wild! 2 car detached garage with access through alley way, this home is surrounded by parks and shopping centers all around!",SingleFamily,1947,Central,Central Air,"Garage, Garage Faces Rear",6851,3,1,1,1069,2,2,Los Angeles,Cimarron Avenue Elementary School,4,0.5,Animo Charter Middle No. 3,4,0.8,George Washington Preparatory High School,2,0.4,Laminate,Central,Central Air,"ENERGY STAR Qualified Appliances, Gas Oven, Gas Range, Microwave, Water Heater","Inside, Stackable","Garage, Garage Faces Rear",48805,1185,2019/10/30,579888,2019/7/8,423000,Los Angeles,90047,CA
165,2151 Oakland Rd SPC 203,265000,"Gorgeous 3 bedroom, 2 bath home on a corner lot in the pet friendly, all-age community of Casa del Lago. Home features a vaulted ceiling, double pane windows, wood burning fireplace and beautiful laminate floors. Spacious kitchen with ample counter space, plenty of cabinets, stainless steel refrigerator, dishwasher and cooktop. Carport fits 3 cars. Storage shed at the end of the carport. Make: Fleetwood Year: 1995 Size: 25'8"" x 52' = 1,334 sq ft Serial #: CAFLS17A17656SH12 and CAFLS17B17656SH12 *Information deemed reliable, but not guaranteed. All interested persons should independently verify its accuracy.*",MobileManufactured,1995,"Central Forced Air, Gas",Window / Wall Unit,Carport,,3,2,2,1334,0,0,San Jose,Orchard Elementary School,6,0.5,,,,Independence High School,6,3.4,,"Forced air, Gas",Wall,,,Carport,,,2019/8/23,279900,,,San Jose,95131,CA
166,11954 Goshen Ave #102,986000,"Charming unit in a highly coveted neighborhood of Brentwood.  Enter the expansive unit and immediately enjoy an inviting fireplace in the living room that features soaring wood beamed ceilings which also extends into the kitchen and eating area.  This fully renovated unit consists of a flexible floorplan that is open to many possibilities.  The master suite is complete with a fireplace and its own living room or office space.  The 2nd bedroom is on the top floor and is absolutely flooded with natural light.  Conveniently the unit features a side by side in unit laundry closet and two side by side parking spaces.  Also, in the parking garage you will find a bonus room that is only for this unit and consists of approx. 381sqft that serves as a blank canvas of possibilities. Trust Sale, no court confirmation required.",Condo,1973,,,"Garage, Garage - Two Door",,2,2,2,1547,0,0,Los Angeles,Brockton Avenue Elementary School,5,0.2,Paul Revere Middle School,7,2,University Senior High School Charter,6,0.3,,,,,,"Garage, Garage - Two Door",783819,9550,2019/11/22,899000,,,Los Angeles,90049,CA
167,1625 Brommer St SPC 7,212000,"This unit has been spruced up with new carpet and interior paint. Bring your surfboard and move right in! Located in an all-age mobile home park near Santa Cruz beaches, harbor, biking trails, and restaurants. Affordable Santa Cruz living! Perfect as a starter property or if you're ready to downsize. Low maintenance!Property Information ?§ƒ? 2012 MLSListings Inc. All rights reserved. Certain information contained herein is derived from information which is the licensed property of, and copyrighted by, MLSListings Inc.",MobileManufactured,1988,Central Forced Air,None,Carport,,1,1,,500,0,0,Santa Cruz,Live Oak Elementary School,7,0.3,Mission Hill Middle School,6,3.2,Cypress Charter High School,6,0.4,Laminate,"Forced air, Gas",None,"Dishwasher, Dryer, Garbage disposal, Refrigerator, Washer",Washer / Dryer,Carport,,,2019/9/23,215000,2018/4/20,159000,Santa Cruz,95062,CA
168,510 Barson St,764000,"For your Investor or First-Time-Home-Buyer Clients! Get into the housing market in Silicon Valley's coolest zip code for under $600,000.  Investment or market-entry opportunity in up-and-coming neighborhood in Santa Cruz.  Located in the heart of the City of Santa Cruz's 70-acre Ocean Street Improvement Project, 510 Barson most recently rented for $2800 a month and is destined to increase in value as the Beach Flats area is revitalized and beautified as part of the Improvement Project.  This 3-bedroom, 1-bath Victorian-style bungalow offers close proximity to the Santa Cruz Wharf and Harbor, Rio Theatre, shopping, restaurants and parks.  And this charming home is only a short distance across the river and a left-hand turn to the shopping, music and culture of Pacific Avenue and downtown Santa Cruz.",SingleFamily,1946,"Forced air, Gas",None,"Carport, On-street",3223,3,1,1,1008,0,0,Santa Cruz,Gault Elementary School,3,0.6,Mission Hill Middle School,6,1.2,Harbor High School,7,1.7,Hardwood,"Forced air, Gas",None,"Dishwasher, Dryer, Garbage disposal, Range / Oven, Refrigerator, Washer",,"Carport, On-street",637500,7460,2017/7/7,599000,2017/8/29,625000,Santa Cruz,95060,CA
169,1943 Laughlin Park Dr,2594500,"Designed & built by well-known Architect, Carleton M. Winslow as his private home, this lovely gem of a 1922 Spanish home is waiting to be brought back to life. Located in the coveted Laughlin Park. It has 4 bd, 3 ba. & boasts much of its' original details & ambiance. Hdwd floors thru-out much of the home are in handsome condition. Frpls can be found in both the LV & DR, both w/high ceilings & wood detailing. One can find the rare butler's pantry off the kit & DR, perfect for entertaining w/ease. The beautiful large terr. off the dining room, lined w/Spanish tiles, is perfect for outdoor entertaining dinners or morning coffee. One can ""wine-and-dine"" overlooking the lush green yard; there's room for a pool or for children to play. The main three bdrms are on the 2nd floor, along w/2 ba., original tubs, sinks & 1920's fixtures & tile work. This homes' fine design, good state of preservation & its' contribution to the architectural & historical context of the Laughlin Park neighborhood.",SingleFamily,1922,Floor Furnace,,"Driveway, Garage",,4,3,3,2329,0,0,Los Angeles,Cheremoya Avenue Elementary School,6,1,Joseph Le Conte Middle School,3,1.1,Hollywood Senior High School,6,2.2,"Wood, Tile",Floor Furnace,,"Dishwasher, Microwave, Refrigerator, Trash Compactor",,"Driveway, Garage",157316,2114,2019/9/16,1858900,,,Los Angeles,90027,CA
170,1085 W Kensington Rd,741000,"Incredible opportunity to be a part of the historic neighborhood of Angelino Heights H.P.O.Z. The main floor of this completely renovated townhome features a spacious open floorplan with a kitchen complete with a breakfast bar and brand new Viking appliances (never used), a dining area, a living area with a gas fireplace and a balcony with fantastic views of downtown LA! Freshly painted and new wood flooring throughout the spacious 2-bed/2-bath unit. Upstairs offers 2 large bedrooms; the master bedroom with a vaulted ceiling and the 2nd bedroom with great views of downtown. Attached 2 car private garage with a large bonus room that could be used for various needs and access to the washer & dryer. Fantastic neighborhood, walking distance to shops, restaurants, Echo Park Lake and more!",Condo,1982,Central,,"Direct Access, Garage Door Opener, Garage - Two Door, Private",,2,2,2,1059,0,0,Los Angeles,Logan Street Elementary School,2,0.5,,,,Belmont Senior High School,3,0.7,Wood,Central,,"Dishwasher, Disposal, Microwave, Refrigerator, Washer, Dryer",In Garage,"Direct Access, Garage Door Opener, Garage - Two Door, Private",176468,2250,2019/12/6,699000,,,Los Angeles,90026,CA
171,712 W 137th St,500000,"This stunning single-story home is in a large lot in a hot neighborhood. From the open concept kitchen and living space to the large backyard there∏MŸ¸ plenty of room for the whole family to enjoy. This property has been recently remodeled from inside and out and nothing was overlooked. Some updates include new laminated flooring throughout, top finishes in both bathrooms, and kitchen area with a center piece chandelier that it∏MŸ¸ sure to be a conversational piece at all your family gatherings. Spacious two car garage with a lengthy drive way for plenty of parking space. Situated in a family friendly neighborhood near parks, schools, shopping, and transportation, this home is sure to go fast. Way too many upgrades to mention so come and check it out before it∏MŸ¸ gone!",SingleFamily,1950,Wall Furnace,"None, See Remarks","Garage, Garage Faces Front",5007,4,2,2,1592,2,2,Compton,Washington Elementary School,5,0.2,Davis Middle School,3,0.4,Compton High School,3,1.2,"Laminate, See Remarks",Wall Furnace,"None, See Remarks","Microwave, Water Heater","In Kitchen, See Remarks","Garage, Garage Faces Front",420240,7617,2019/11/8,499000,2019/5/31,325000,Compton,90222,CA
172,4816 Buchanan St,792000,"YOUR CLIENT MUST COME AND SEE THIS  BRAND NEW HOUSE WITH VIEW !!,  LOCATION!, LOCATION !, LOCATION!  SECLUDED ON A WIDE THREE LINED, AND QUIET CUL-DE-SAC  STREET.  IN THE HEART OF THE NEW GENTRIFIED ARE OF  HIGHLAND PARK, THREE BLOCKS FROM  ""CAFE DE LECHE"", ""JONY'S BAR"",""THE YORK"", HIGHLAND PARK BREWERY, TOWN PIZZA, HIGHLAND PARK BOWLING  AND MORE THAN A DOZEN RESTAURANTS AND SHOPS IN THE AREA.    ON THE BORDER LINE OF GLASSELL PARK, AND EAGLE ROCK ,WALKING DISTANCE  TO OCCIDENTAL COLLEGE, AND FRANKLIN H.S.>>>>>>>>    ALL INFORMATION INCLUDING  LOT SIZE, LIVING AREA SQ.FT.,  ETC. ARE DEEMED TO BE RELIABLE BUT NOT GUARANTEE BY L. AGENT OR SELLERS, BUYERS MUST PERFORM THEIR OWN INSPECTIONS,  INVESTIGATION  AND  RELY ON THEIR RESULTS.",SingleFamily,2019,"Central, Natural Gas, ENERGY STAR Qualified Equipment","Central Air, Electric, ENERGY STAR Qualified Equipment","Garage - Single Door, Garage Door Opener",4350,3,2,2,1250,2,2,Los Angeles,Buchanan Street Elementary School,5,0.3,,,,Benjamin Franklin Senior High School,7,0.8,"Tile, Wood","Central, Natural Gas, ENERGY STAR Qualified Equipment","Central Air, Electric, ENERGY STAR Qualified Equipment","Disposal, Gas Range, Gas Water Heater, Microwave, Refrigerator, Tankless Water Heater, Water Line to Refrigerator","Gas & Electric Dryer Hookup, In Garage","Garage - Single Door, Garage Door Opener",72828,1017,2019/11/15,799000,,,Los Angeles,90042,CA
173,3733 Ocean View Ave,1364000,"Sited at the base of Mar Vista Hill & on one of the most prominent streets in the area, this painstakingly renovated bungalow is reminiscent of the most enchanting Venice Beach cottages. House offers 3 bedrooms & 2 lux bathrooms served by a tankless water heater. Chef's kitchen includes 6-burner range, 2 ovens, stainless steel refrigerator, eat-in breakfast area & ample cabinet storage. Crown moldings everywhere accent dining area & living room w/ period hardwood floors, fireplace, & custom shutters. Large double paned Tilt & Turn windows create serene quiet yet also convey the ocean breeze & treetop views. Private yard has terraced gardens, outdoor dining patio/sundeck, & orange/lemon trees. Close to Mar Vista Park & Farmer's Market, Starbucks, Whole Foods, Mitsuwa Marketplace & bike path. Move-in condition for the meticulous Buyer & located amongst many expensive custom homes.",SingleFamily,1953,Central,Central Air,Garage - Two Door,,3,2,1,,0,0,Los Angeles,Grand View Boulevard Elementary School,6,0.4,Daniel Webster Middle School,3,1.5,Venice Senior High School,6,0.8,Wood,Central,Central Air,"Dishwasher, Disposal, Refrigerator, Washer, Dryer",In Garage,Garage - Two Door,1362923,16549,2019/10/18,1545000,,,Los Angeles,90066,CA
174,4421 Berkshire Ave,1062000,"Grand two story craftsman located in the charming El Sereno-Berkshire Historical zone one block from South Pas.   This is the type of home that could be in the family for generations.  Many original details are still intact like the period wood windows, doors and other elements that make this a unique home.  The home is spacious and offers 4 generous bedrooms and 2 baths.   The dining room features a built in, boxed ceiling and wainscot walls. Recent upgrades include new floors, paint inside and out.   Since this property in a Historical Preservation Zone you will be ensured of the historical integrity of the pocket. The large lot features plenty of grassy outdoor space for kids to roam around. Long driveway that can fit many cars leads you to the spacious garage that has possibility of an ADU conversion.  Possibility of getting an inter district permit for your children to go to South Pasadena Schools.   Please visit South Pasadena schools website for more info.",SingleFamily,1911,Wall Furnace,None,"Driveway, Garage",7972,4,2,2,2182,0,0,Los Angeles,Sierra Vista Elementary School,6,0.1,El Sereno Middle School,5,1.6,Woodrow Wilson Senior High School,4,2.4,Wood,Wall Furnace,None,,Inside,"Driveway, Garage",720000,9036,2019/12/7,899000,2019/10/23,720000,Los Angeles,90032,CA
175,201 Sansome St UNIT 404,910000,"One of the most beautiful buildings in San Francisco, The Royal is a registered historical landmark converted to luxury condos in 2006.  Unit 404, 1 Bedroom, 1 Bath boats desirable west facing views of the iconic Pacific Coast Stock Exchange.  The spacious open floor plan design is met with an abundance of natural light. Custom hardwood flooring throughout, granite countertops, Poggenpohl cabinetry and Bosch appliances.  The rooftop garden's skyline showcases such famed buildings as the Trans America and the historic Merchants Exchange. The lobby is immaculately adorned with imported marble from a 17th century Italian piazza. With a walk score of 99, you'll find many of life's conveniences right out your front door.   It's as East Coast Wall Street as you can get in the heart of the Financial District.",Condo,1909,,,None,,1,1,1,806,0,0,San Francisco,Chin (John Yehall) Elementary School,9,0.4,Francisco Middle School,6,1,Five Keys Independence High School (Sf Sheriff's),2,0.9,Wood,,,"Dishwasher, Disposal, Microwave",Laundry Closet,None,851412,10954,2019/10/7,950000,2006/8/31,695000,San Francisco,94104,CA
176,2736 Guirado St,605000,"**Welcome Home**  Come see this true GEM in the centrally located neighborhood of Boyle heights. Home features include 3 great sized bedrooms, 2 bathrooms, large living room, fully remodeled kitchen, laundry room, dining area, and two remodeled bathrooms. That's upstairs. Downstairs features a great bonus unit that is fully remodeled with kitchen, bedroom, and bathroom. Tiered backyard with lemon, orange, and fig trees. House also features new windows, central AC and heat, and a two space Carport.",SingleFamily,1971,Central,Central Air,,4921,3,2,2,1170,0,0,Los Angeles,Euclid Avenue Elementary School,5,0.3,Hollenbeck Middle School,6,0.2,Theodore Roosevelt Senior High,3,0.3,Laminate,Central,Central Air,"6 Burner Stove, Gas Range",Laundry Room,,326528,4116,2019/11/21,599999,2013/4/9,290000,Los Angeles,90023,CA
177,459 War Admiral Ave,200500,"!! Don't miss this opportunity to make this Gorgeous Home be yours !! Completely remodeled !! Everything is well maintained, very clean and included lots of upgraded !! The house remodeled in 2014 with brand name stainless steel appliances, dishwasher, microwave, granite counter-top and back-splash, recessed lights, newer kitchen cabinet, Grohe's sink and faucet, tile floors, Bamboo hardwood floors, crow-molding, new central A/C, dual-pane windows, alarm & intercom system, newer water heater tank, re-piped w/cooper, ceiling fans, newer exterior/interior painted, garage door opener, 220 volts outlet for electric car charger in garage. Professional and low maintenance landscaping in front and back yards..., Large master bedroom with extra square feet add on not included in square footage (unknown permit) and much..much more..",SingleFamily,1961,"Forced air, Gas",Central,"Garage, Garage - Attached, Covered",5501,3,2,2,1120,1,1,San Jose,Stipe (Samuel) Elementary School,4,0.2,,,,Oak Grove High School,5,1.3,"Tile, Hardwood","Forced air, Gas",Central,"Dishwasher, Garbage disposal, Microwave, Range / Oven","In Garage, Electricity Hookup (220V)","Garage, Garage - Attached, Covered",790704,11471,2017/11/10,728888,2017/12/15,760000,San Jose,95111,CA
178,408 Sylvan Ave,2205000,"This expanded and tastefully remodeled home boasts 4 bedrooms & 3 bathrooms. A perfect floor plan for a growing family, spacious living room, wood burning fireplace, large open modern kitchen custom built-in cabinets, features leathered granite counters and new appliances with great natural light throughout this home. The master suite has a large walk-in closet and huge master bath. Home has ample extra storage with plenty of closets and attached garage. All new hardwood floors, electrical, plumbing, central heat with A/C and fire sprinkler system. This home is great for entertaining, gardening, or just for kids to freely enjoy. This home has a fabulous layout and offers amazing value and should not be missed! The property's central location is also exceptionally convenient just a short walk away to parks, schools, shopping, restaurants and transportation. Must See!",SingleFamily,1940,Central Forced Air,Central AC,"Garage, Garage - Attached",5501,4,3,3,2280,0,0,San Mateo,Laurel Elementary School,4,0.4,Abbott Middle School,4,0.4,Hillsdale High School,7,0.4,Hardwood,"Forced air, Gas",Central,"Dishwasher, Dryer, Freezer, Garbage disposal, Microwave, Range / Oven, Refrigerator, Washer",,"Garage, Garage - Attached",1350000,16274,2019/11/2,2298000,2018/12/5,1350000,San Mateo,94403,CA
179,4417 Concerto Dr,721500,"** Open House: Sunday, January 26th 12pm - 2pm ** Beautiful 3 bedroom, 1 bath home! Pergo flooring throughout the house. Huge kitchen features granite counter tops, tile back splash and maple wood cabinets. Remodeled Bathroom with separate tub and standing shower with tile stone and glass door. Sink has granite with maple wood cabinets. Home comes with AC and Solar panels. Ample backyard for family gatherings. Freshly painted. Close to schools, shopping and Hellyer Park. Near Hwy 101 and 85 for easy commutes! Garage converted to a 1 bedroom studio with a full bath and kitchen, and own side entrance. Leased separately.

1 year lease.
Tenants pay utilities. Electricity included in the rent (solar).
No Smoking",SingleFamily,1958,Forced air,Other,"Garage, Garage - Attached, Covered",5558,3,1,,1232,1,1,San Jose,Christopher Elementary School,5,0.3,,,,Andrew P. Hill High School,4,1,,Forced air,Other,"Dryer, Washer",In Unit,"Garage, Garage - Attached, Covered",532980,8562,2019/11/2,768900,2015/2/10,485000,San Jose,95111,CA
180,1814 W Century Blvd,745000,"Rare remodeled Duplex in Gramercy Park! Unit 1 is a 4-Bedroom with market rents of $3100 per month. Unit 2 is a 2-Bedrooms with market rents of $2000 per month. Boasting central a/c & heat, stainless steel appliances, triple pane windows, solid core exterior doors, tankless water heater, updated electrical panels, remote operated garage doors, community laundry room with 2 washers & 2 dryers. This duplex also includes a permitted bonus room that can be used for additional income. Conveniently located near public transportation, freeways, parks, LAX & just a 7 minute drive from the LA Rams Stadium & Entertainment District makes this perfect for an AirBnB rentals!!",Unknown,1943,Central,Central Air,Garage,,,,,1983,6,2,Los Angeles,Manhattan Place Elementary School,1,0.2,Animo Charter Middle No. 3,4,1.5,George Washington Preparatory High School,2,0.6,"Laminate, Tile",Central,Central Air,"Self Cleaning Oven, Dishwasher, ENERGY STAR Qualified Appliances, Gas Oven, Microwave, Tankless Water Heater, Dryer, Washer",Laundry Room,Garage,254879,3607,2019/9/23,679995,,,Los Angeles,90047,CA
181,3380 Acampo Rd,2395000,"First time on the market perched high in Los Olivos overlooking rolling oak studded hills is an eco-friendly contemporary estate nestled among California native plants.This serene 20+/- acre parcel is adjacent to the multi-thousand acre Chamberlain Ranch and overlooks 9+/- acres of prime agriculture soils; 3.5 acres currently planted with grapes.The sophisticated and relaxed single level house features a metal roof, seamless stained concrete floors, heart cypress recycled wood, and 12'' insulated foam and concrete walls.The house has 3 bdrs and 3 1/2 baths as well as an office.Wide hallways and spacious living areas make this home extremely livable and offers an ease for entertaining.Each room has stunning views of the surrounding mountains and expertly designed gardens.There is a charming..",SingleFamily,2002,,,0 spaces,,3,4,3,3683,0,0,Los Olivos,Los Olivos Elementary School,8,0.9,,,,Refugio High School,,4.3,,,,,,,1020082,10913,2019/12/20,2395000,1996/12/31,240000,Los Olivos,93441,CA
182,3126 W 11th St,8750000,Great Location. Good opportunity for Investment and Development. 2 parcels of  3122  w. 11th st and 3126  w 11th st. To be sold together. Total of 10800 sq ft.  R 4 Zoning. Near huge  Korean market. 1 Block East of Western  and 1 Block south of Olympic Blvd..very conveniently located in the heart of Korea town. near Los Angeles down town. near 10 Freeway.,SingleFamily,1914,Other,Other,"Garage, Carport, Garage - Detached, Covered",5344,3,1,1,1342,6,6,Los Angeles,Los Angeles Elementary School,3,0.1,Pio Pico Middle School,5,0.7,West Adams Preparatory High School,4,1.3,Other,Wall,Other,,Other,"Garage, Carport, Garage - Detached, Covered",1290000,15783,2017/6/26,1100000,2018/10/11,1250000,Los Angeles,90006,CA
183,431 S Kingsley Dr APT 201,550000,"Bright and airy two bedroom, two bathroom condo with an open design.  When you enter the living room, you'll notice the high ceilings and hardwood floors. The kitchen has upgraded granite counter tops and plenty of cabinet space. The unit has a private balcony, intercom system, and a washer and dryer located inside. Community offers an association swimming pool with low HOA fee. Conveniently located in the center of Korea town.",Condo,1983,Central,Central Air,Garage,,2,2,2,1204,2,2,Los Angeles,Cahuenga Elementary School,5,0.3,,,,,,,"Stone, Wood",Central,Central Air,,Inside,Garage,412098,4991,2019/10/16,580000,,,Los Angeles,90020,CA
184,222 S Central Ave APT 117,377000,"Are you ready to start enjoying the ultimate Downtown Los Angeles lifestyle? Here is your chance at owning this charming condo in the heart of LA, centrally located in Little Tokyo and adjacent to the Arts District, The Financial District, Bunker Hill, Union Station, Metrolink, Olvera Street, Pershing Square, Staples Center, LA Live, Korea Town, several museums and countless restaurants. This first level unit boasts an open floor plan with new interior paint and hardwood floors in the living and dining area. Kitchen features linoleum flooring, new stainless-steel appliances and a breakfast bar. Condo is complete with a spacious bedroom, a bathroom with a newer vanity, a balcony and a private in-unit washer and dryer. Tokyo Villa extends an additional washer and dryer on each floor of the building and, 1 parking space and a storage space in the underground garage. Water and trash included. Offering 24-hour security, lobby, Koi pond, clubhouse, gym, spa, dry sauna and the LOWEST HOA in the area, this Tokyo Villa unit is perfect for those looking to buy in the desirable Downtown LA area! Give us a call today to schedule a private showing. You must see it for yourself!",Condo,1985,,Wall/Window Unit(s),"Community Structure, Controlled Entrance",,1,1,1,578,1,1,Los Angeles,,,,Hollenbeck Middle School,6,1.8,Belmont Senior High School,3,1.8,"Vinyl, Wood",,Wall/Window Unit(s),"Electric Oven, Microwave, Refrigerator",Laundry Room,"Community Structure, Controlled Entrance",110208,1424,2019/11/21,375000,2000/12/29,80000,Los Angeles,90012,CA
185,8779 S Camanche Pkwy,750000,"Custom built Lake view Mediterranean style home with 3672 sq ft of living area not including the 60'6"" x 12' covered lanai and covered downstairs patio that is 60'6 x 12'9'' that take in the incredible panoramic lake Camanche  views.  The 3.67 acres is fully fenced and is surrounded by East Bay M.U.D. property so nothing will ever be built or obstruct the views.  Convenient location just minutes from the lake and 20 miles east of Lodi.  You'll love the 1672 sq ft garage with 41'5"" x 17'6"" motor home attached garage and 40'6""x30' metal shop not including the attached lean to on the back for tractor or ATV storage.  Relax and get your exercise in the swim spa while enjoying the lake views.  You'll never want to leave home from this one of a kind setting and beautifully appointed home.  Qualified buyers contact listing agent Jeanne Martin 209-601-3143 for more information and an appointment to view before it goes on the MLS.

The Million dollar views of Lake Camanche, the 41'5"" x 17'6"" motor home garage and detached 40'6""x30' shop/garage to store the boat and everything else. Quality construction and desirable floor plan. Owned solar system, swim spa, lake views from almost every room, so much to offer. Qualified buyers contact Listing agent Jeanne Martin 209-601-3143 for a sneak preview",SingleFamily,2005,"FAG, Gas Log",Ceiling Fans,"Garage - Attached, Garage - Detached, Mixed, Covered",159865.19999999998,3,3,3,3672,6,6,Wallace,Ione Elementary School,4,9.5,,,,Argonaut High School,6,14.7,"Carpet, Tile","Forced air, Propane / Butane","Central, Solar","Dishwasher, Garbage disposal, Microwave, Range / Oven, Refrigerator",Room,"Garage - Attached, Garage - Detached, Mixed, Covered",477000,5401,2019/9/9,890000,,,Wallace,95254,CA
186,587 Bridge St,390000,"Desirable Bay Village Community.  At least one occupant must be 55+.  Features include 2 large bedrooms, one with slider to large rear yard, updated kitchen and bath, and covered patio.  Home has new paint, new window coverings, new kitchen counters, all new interior and exterior lighting fixtures and new laminate flooring throughout the house.  Laundry area is indoors.  Eating area next to kitchen.  One car garage with storage and door to rear yard.  Close to shopping, downtown and parks.",SingleFamily,1974,"Gas, Space Heater",None,"Garage, Garage - Attached",3528,2,1,1,836,0,0,Watsonville,Ann Soldo Elementary School,3,0.6,Lakeview Middle School,3,1.3,Watsonville High School,4,0.6,Laminate,"Wall, Gas",None,"Garbage disposal, Refrigerator",Inside,"Garage, Garage - Attached",120731,1448,2019/3/18,419900,,,Watsonville,95076,CA
187,12004 S Broadway,410000,"Welcome Home!!! This gorgeous 4 bedroom, 2 full bath  Tri-level condo is nestled in a nice, quiet gated community. Entering the home on the 1st floor through a spacious 2 car attached garage you are welcomed by an open living room with floor to ceiling mirrors, custom blinds, hardwood floors, dining area & great modern kitchen offering lots of cabinets & counter space. The 2nd & 3rd floor each have two bedrooms, with mirrored closet doors, ceiling fans & a full baths. Enjoy & relax  on a spacious outdoor balcony. Built in 2006 with approx 1550 sq ft. The complex is located in the great  Athens area, conveniently close to freeway's, Downtown LA & LAX.  This is a MUST SEE!!!!",Condo,2006,,Central Air,Direct Access,,4,2,2,1550,2,2,Los Angeles,One Hundred Twenty-Second Street Elementary School,6,0.7,Samuel Gompers Middle School,2,0.8,,,,"Carpet, Tile, Wood",,Central Air,,"Laundry Closet, Upper Level",Direct Access,352000,4473,2019/7/16,425000,2007/5/2,385000,Los Angeles,90061,CA
188,156 Three R Ave,258500,"Thoughtfully built custom cottage c.2010 nestled into a gentle wooded hillside overlooking Red & Kunde Mountains. Tucked far back from 3R Avenue, the setting is quite private, & rich w/birdsong & mature trees. Airy & light inside, this 2,525sf 2-story home's floorplan includes 4Be/3Ba/1st level Sitting Area + 2nd level Study-Sitting Area. Smart usage of space + engaging design & finish details are evident t/o including wrap-around staircase, wood floors & ceiling, IKEA Kitchen, 1st floor wood stove & an inviting (covered) Entry Deck. Surrounding homes & neighbors are delightful. This welcoming home will adapt for many lifestyles, including full or part-time use. The downstairs Master has a private entry so can easily be used as an overnight rental. Seller asks that Closing occur in 2020.",SingleFamily,2009,Forced Air - Gas,"AC Central, Ceiling Fans","No Garage, Gravel",6534,4,3,3,1525,0,0,Patagonia,Patagonia Elementary School,7,0.5,,,,Patagonia Union High School,5,0.2,"Ceramic Tile, Sustainable, Wood",Forced Air - Gas,"AC Central, Ceiling Fans",,Closet,"No Garage, Gravel",184146,,2019/9/9,279000,,,Patagonia,85624,AZ
189,2235 Menalto Ave,1175000,"This is 4 bed/ 2 bath room house, 3 rooms are available for rent for 1300 each with shared bathroom and access to whole house. House is fully furnished.",SingleFamily,1967,"Forced air, Gas",Other,"Garage, Garage - Detached, Covered",6499,1,1,,1500,2,2,East Palo Alto,Willow Oaks Elementary School,2,0.6,,,,Menlo-Atherton High School,7,1.6,Hardwood,"Forced air, Gas",Other,"Dryer, Washer",In Unit,"Garage, Garage - Detached, Covered",821916,11176,2019/11/7,1165000,2017/3/10,790000,Palo Alto,94303,CA
190,32076 County Road 14,800000,"All offers considered on this beauty!Experience luxury country living at it's finest at this beautiful estate nestled within 12 acres of natural beauty. In addition to the sprawling 3 bedroom main home, with a separate office and private entrance, you also have a climate controlled workshop/workout room which can be converted to an additional living area or guest house. Gracious entertaining continues, to the outdoor resort styled backyard with it's relaxing spa, fire pit, covered patio and plenty of room for summer entertaining. Adorable country style, custom chicken coop reminds you that you are now away from the stress of the city. There are extraordinary features such as granite counters, tile floors, fireplace, dining/family room combination, front porch, and magnificent views in almost all directions! Convenient drive-thru shop building and plenty of room for that boat or RV. All this and just minutes to I-5, and a short drive to Sacramento, Davis Woodland and UCD!",SingleFamily,2000,Forced air,Central,"Garage - Attached, Garage - Detached",531432,3,3,2,2489,0,0,Zamora,Zamora Elementary School,8,11.3,Lee Middle School,2,11,Woodland Senior High School,5,10.4,"Tile, Carpet",Forced air,Central,"Dishwasher, Garbage disposal, Range / Oven, Refrigerator",,"Garage - Attached, Garage - Detached",566288,5932,2019/8/9,899900,2014/2/28,476000,Zamora,95698,CA
191,641 Carmel Ave,690000,"Breath taking views of the Farallone Islands! This contemporary 2 bedroom home on .68 acres features a large living room with gas log fireplace overlooking the majesty of the ocean. The bath has lovely tile accents. The master has a walk in closet. The laundry rm/office has views.The kitchen features cherry cabinets and granite and a big pantry. SHOWINGS THE FOLLOWING DAYS ONLY TUESDAYS: 6-7PM
WEDNESDAYS: 6-7PM
SATURDAYS: 12-2PM

Tenant responsible for ALL utilities.",SingleFamily,1951,,,"Carport, Garage - Attached",29620.800000000003,2,1,,830,0,0,Pacifica,Cabrillo Elementary School,7,2.6,,,,Jefferson High School,4,3.8,,,,,,"Carport, Garage - Attached",581754,7743,2012/12/21,525000,2013/2/5,527000,Pacifica,94044,CA
192,10111 Soquel Dr,1115500,"Totally remodeled 3+ bedroom 2 bath home with flowing, open floorplan plus a separate, legal 2 bedroom 1 bath  perfect for extended family or rental. All new kitchen, baths, windows, floors, decks, paint, landscaping you-name-it! Covenient, close-in Aptos location with top of the hill privacy on gated 2.3+ acres! Tons of elbow room and plenty of space for multiple cars, boats RV, horses etc. Great place for extended family/rental potential. Close to top schools, shopping, beach and convenient commute location.  Invest in your future today. Seller says there may be potential for ADU.

Like brand new and close to everything yet totally private hilltop setting. Great rental potential with separate 2bedrooms and bath and living. Horses allowed!",Apartment,1978,"Forced air, Gas",None,"Garage, Off-street",,2,1,,675,0,0,Aptos,Valencia Elementary School,6,1.3,,,,Aptos High School,7,0.8,"Tile, Laminate","Forced air, Gas",None,"Dishwasher, Microwave, Range / Oven, Refrigerator",,"Garage, Off-street",726501,8115,2019/9/24,1195000,,,Aptos,95003,CA
193,203 Tait Ave,2100000,"Charming downtown Los Gatos Victorian! Beautiful curb-appeal! White picket fence * Hardwood floors * Updated bathrooms * Spacious Kitchen * Downstairs bedroom and full bathroom * Deck * New heating, cooling, hot water heater, and ducts * New main sewer line with backflow prevention device * New paver walkway * Great location in the Almond Grove area of Downtown Los Gatos * Close to Bachman Park!",SingleFamily,1950,"Heat pump, Gas",Central,"Garage, On-street",1890,3,2,,1555,0,0,Los Gatos,Daves Avenue Elementary School,9,0.8,C. T. English Middle School,9,6.9,Los Gatos High School,10,0.6,"Softwood, Hardwood","Heat pump, Gas",Central,"Dishwasher, Dryer, Freezer, Garbage disposal, Microwave, Range / Oven, Refrigerator, Washer",,"Garage, On-street",1124314,13967,2011/11/9,999950,2011/1/19,960000,Los Gatos,95030,CA
194,1815 Westmoreland Blvd,1120000,"Historic Gem! Legal square footage of 3366 + 1000 sqft of finished attic with 2 large bedrooms, for a total estimated livable space of 4366 sqft, and a total of 6 bedrooms and 3 bathrooms.",SingleFamily,1910,Wall,None,"Covered, Garage",9657,6,3,3,4366,6,6,Los Angeles,Twenty-Fourth Street Elementary School,2,0.4,Pio Pico Middle School,5,0.7,West Adams Preparatory High School,4,1.1,,Wall,None,,Individual Room,"Covered, Garage",1341708,16578,2019/10/7,1249900,2019/1/16,425000,Los Angeles,90006,CA
195,2311 Bryant St,1040000,"Gracious turn of the century Top-Floor Victorian Flat. This home has all that you desire in an elegant Victorian of this era. High ceilings, architectural details still intact, gorgeous + timeless renovated kitchen and bath. Master bedroom with sitting area + 2 additional bedrooms. Large stately living room with built-in book shelves. The bedrooms are far apart which is conducive to a potential roommate scenario. Shared garden and storage. Huge exclusive-use attic with great potential. Great location. Walk to Flour & Water, Salumeria, Mission Cliffs, Southern Pacific Brewery and the vibrant 24th St. corridor.",SingleFamily,1900,,,None,,3,1,1,,0,0,San Francisco,Bryant Elementary School,4,0.4,Everett Middle School,4,1.3,O'connell (John) High School,3,0.3,Wood,,,,,None,,,2019/10/18,1095000,,,San Francisco,94110,CA
196,6000 Canterbury Dr UNIT D206,430000,"An amazing opportunity to own a move-in ready unit in the Pines Complex walking distance to all shopping and centrally located. This unit comes with a bonus 2 side by side parking spaces and a storage unit.  Unit faces Canterbury. Through the entry is a remodeled and extended kitchen with fresh white cabinetry and upgraded countertops. The kitchen overlooks an open living/dining area with a private balcony. The spacious balcony has open views of the neighborhood and the skyline.  The master suite has modern color tones and is spacious and open. The beautiful master ensuite bathroom has his/her double sinks, upgraded countertops, and white cabinetry with shower over a bathtub. Enjoy relaxing in this serene space after a long day at the office. 2 car covered parking space and many community amenities such as pool, bar, shared community laundry. Close to amenities and shopping and dining!",Condo,1971,"Central, Wall Furnace",None,Garage,,1,1,1,764,2,2,Culver City,El Rincon Elementary School,8,0.9,Culver City Middle School,7,1.8,Culver City High School,8,1.9,Laminate,"Central, Wall Furnace",None,"Dishwasher, Electric Oven, Electric Cooktop, Electric Water Heater, Refrigerator","Common Area, Community",Garage,328515,4283,2015/3/25,291000,2015/8/18,303500,Culver City,90230,CA
197,1625 Brommer St SPACE 7,212000,"This unit has been spruced up with new carpet and interior paint. Bring your surfboard and move right in! Located in an all-age mobile home park near Santa Cruz beaches, harbor, biking trails, and restaurants. Affordable Santa Cruz living! Perfect as a starter property or if you're ready to downsize. Low maintenance! Property Information ?? 2013 MLSListings Inc. All rights reserved. Certain information contained herein is derived from information which is the licensed property of, and copyrighted by, MLSListings Inc. Brokered And Advertised By: Bailey Properties Listing Agent: Aimee J. Thayer-Garcia",SingleFamily,1988,Other,Central,Carport,,1,1,,500,0,0,Santa Cruz,Live Oak Elementary School,7,0.3,Mission Hill Middle School,6,3.2,Cypress Charter High School,6,0.4,,Other,Central,,,Carport,14711,159,2012/11/21,60000,,,Santa Cruz,95062,CA
198,363 Bright St,1640000,"Sunlight practically bursts from every seam of this delightful view home, set atop San Francisco's Ingleside Heights neighborhood. Thoughtfully and meticulously renovated, this 3-bedroom, 2-bath home is flooded with natural light and offers views that seem to be as vast as the Pacific Ocean itself. The exterior's cedar accents hint at the warm welcome you'll receive here. On the main level, a great room offers an expansive space to entertain or to simply drink in the views from every picture-perfect window. Step outside onto the deck, and enjoy a bird's eye view of the City and the ocean beyond. This level includes the open living, dining and kitchen areas, 2 spacious bedrooms and a remodeled full bath. Downstairs lies a spacious master suite with windows overlooking the garden, a renovated full bath and direct garden access. Highlights include a 1-car garage with electric car charger, wood floors, recessed lights, and an A+ location near great parks, schools, shops and transportation.",SingleFamily,1951,Central,,"Attached, Garage Door Opener, Interior Access, Independent, On Site (Single Family Only)",2495,3,2,2,1410,1,1,San Francisco,Ortega (Jose) Elementary School,7,0.2,Aptos Middle School,6,0.8,Leadership High School,5,1.3,Wood,Central,,"Dishwasher, Disposal, Gas Water Heater, Range Hood, Microwave",Laundry Closet,"Attached, Garage Door Opener, Interior Access, Independent, On Site (Single Family Only)",760000,9898,2019/12/2,1398000,2019/7/29,760000,San Francisco,94132,CA
